id,trade_id,timestamp,position_id,game_id,kalshi_ticker,team,strategy,action,entry_number,price_cents,shares,total_cents,pnl_cents,reason,game_quarter,game_time_remaining,game_score_home,game_score_away,deficit_vs_spread,fair_value,edge,price_drop_pct,orderbook_depth,game_mode
1,3a919595-05e,"2026-03-15 00:17:44.393425",262d69a5-058,401810827,KXNBAGAME-26MAR14ORLMIA-MIA,"Miami Heat",PULSE,BUY,1,56,21,1176,,"Pulse entry: spread=4.5, deficit=9.5, price_drop=12%, price=56¢, Q1 9:21",1,561,5,10,9.5,0.6225,0.0625,0.125,1438028,OFFENSIVE
2,3ea0fb3d-93f,"2026-03-15 00:22:14.501599",262d69a5-058,401810827,KXNBAGAME-26MAR14ORLMIA-MIA,"Miami Heat",PULSE,SELL_ALL,,49,21,1029,-147,"Pulse stop: -12% after 5min",1,427,8,16,12.5,0.5796,0.0896,0.234375,1465026,OFFENSIVE
3,1da6e13d-e7f,"2026-03-15 00:35:28.758690",d80d1058-bd4,401810827,KXNBAGAME-26MAR14ORLMIA-MIA,"Miami Heat",TIERED_CLASSIC,BUY,1,39,30,1170,,"Tiered Classic Entry 1: spread=4.5, deficit=16.5, price_drop=39%, price=39¢, Q1 1:12",1,72,23,35,16.5,0.4266,0.0366,0.390625,1464289,OFFENSIVE
4,de11fe19-402,"2026-03-15 00:35:28.781654",ffc9cbad-a93,401810827,KXNBAGAME-26MAR14ORLMIA-MIA,"Miami Heat",TIERED_CLASSIC_HOLD,BUY,1,39,30,1170,,"Tiered Classic Entry 1: spread=4.5, deficit=16.5, price_drop=39%, price=39¢, Q1 1:12",1,72,23,35,16.5,0.4266,0.0366,0.390625,1464289,OFFENSIVE
5,b5e6855a-061,"2026-03-15 00:39:58.889126",2190e384-cc9,401810827,KXNBAGAME-26MAR14ORLMIA-MIA,"Miami Heat",TIERED,BUY,1,35,34,1190,,"Tiered Entry 1 (mid-spread recovery): spread=4.5, deficit=18.5, price_drop=45%, price=35¢, Q1 0:00",1,0,27,41,18.5,0.4266,0.0766,0.453125,1464289,OFFENSIVE
6,e2575d60-d0a,"2026-03-15 00:39:58.898764",eed03a3a-188,401810827,KXNBAGAME-26MAR14ORLMIA-MIA,"Miami Heat",TIERED_HOLD,BUY,1,35,34,1190,,"Tiered Entry 1 (mid-spread recovery): spread=4.5, deficit=18.5, price_drop=45%, price=35¢, Q1 0:00",1,0,27,41,18.5,0.4266,0.0766,0.453125,1464289,OFFENSIVE
7,31955628-07f,"2026-03-15 00:45:15.120545",7518de9f-a76,401810829,KXNBAGAME-26MAR14DENLAL-DEN,"Denver Nuggets",PULSE,BUY,1,48,24,1152,,"Pulse entry: spread=2.5, deficit=7.5, price_drop=13%, price=48¢, Q1 8:30",1,510,12,7,7.5,0.4675,0.0525,0.127272727272727,1662484,OFFENSIVE
8,12dff2c3-e30,"2026-03-15 00:46:29.023653",f526dea1-e09,401810827,KXNBAGAME-26MAR14ORLMIA-MIA,"Miami Heat",CONSERVATIVE,BUY,1,31,38,1178,,"Conservative entry: edge=11.7% (min 10.0%), deficit_vs_spread=17.5, price=31¢, fair_value=0.427, Q2 9:17",2,557,35,48,17.5,0.4266,0.1166,0.515625,1808554,OFFENSIVE
9,b2d3e6f9-39e,"2026-03-15 00:46:29.029512",f0ea44f6-71e,401810827,KXNBAGAME-26MAR14ORLMIA-MIA,"Miami Heat",CONSERVATIVE_HOLD,BUY,1,31,38,1178,,"Conservative entry: edge=11.7% (min 10.0%), deficit_vs_spread=17.5, price=31¢, fair_value=0.427, Q2 9:17",2,557,35,48,17.5,0.4266,0.1166,0.515625,1808554,OFFENSIVE
10,629af285-baf,"2026-03-15 00:46:49.954333",d80d1058-bd4,401810827,KXNBAGAME-26MAR14ORLMIA-MIA,"Miami Heat",TIERED_CLASSIC,BUY,2,28,37,1036,,"Tiered Classic Entry 2: price dropped 28% since Entry 1, deficit=20.5, price=28¢, Q2 9:17",2,557,35,51,20.5,0.4266,0.1466,0.5625,1808554,OFFENSIVE
11,9fd9163b-614,"2026-03-15 00:46:49.964120",ffc9cbad-a93,401810827,KXNBAGAME-26MAR14ORLMIA-MIA,"Miami Heat",TIERED_CLASSIC_HOLD,BUY,2,28,37,1036,,"Tiered Classic Entry 2: price dropped 28% since Entry 1, deficit=20.5, price=28¢, Q2 9:17",2,557,35,51,20.5,0.4266,0.1466,0.5625,1808554,OFFENSIVE
12,cfdf9c0c-4ba,"2026-03-15 00:47:28.433565",2190e384-cc9,401810827,KXNBAGAME-26MAR14ORLMIA-MIA,"Miami Heat",TIERED,BUY,2,26,40,1040,,"Tiered Entry 2: price dropped 26% since Entry 1, deficit=20.5, price=26¢, Q2 8:57",2,537,35,51,20.5,0.4266,0.1666,0.59375,1808554,OFFENSIVE
13,072199ae-7d1,"2026-03-15 00:47:28.444020",eed03a3a-188,401810827,KXNBAGAME-26MAR14ORLMIA-MIA,"Miami Heat",TIERED_HOLD,BUY,2,26,40,1040,,"Tiered Entry 2: price dropped 26% since Entry 1, deficit=20.5, price=26¢, Q2 8:57",2,537,35,51,20.5,0.4266,0.1666,0.59375,1808554,OFFENSIVE
14,b8452037-9f8,"2026-03-15 00:50:27.708210",7518de9f-a76,401810829,KXNBAGAME-26MAR14DENLAL-DEN,"Denver Nuggets",PULSE,SELL_ALL,,42,24,1008,-144,"Pulse stop: -12% after 5min",1,466,15,8,9.5,0.4675,0.1125,0.236363636363636,1692504,OFFENSIVE
15,b846f86a-668,"2026-03-15 00:57:53.086105",52a37fd7-a89,401810829,KXNBAGAME-26MAR14DENLAL-DEN,"Denver Nuggets",TIERED_CLASSIC,BUY,1,39,23,897,,"Tiered Classic Entry 1: spread=2.5, deficit=11.5, price_drop=29%, price=39¢, Q1 3:43",1,223,26,17,11.5,0.5408,0.0692,0.290909090909091,1692783,OFFENSIVE
16,189cd830-a7c,"2026-03-15 00:57:53.096373",b2d3fcb4-3c5,401810829,KXNBAGAME-26MAR14DENLAL-DEN,"Denver Nuggets",TIERED_CLASSIC_HOLD,BUY,1,39,23,897,,"Tiered Classic Entry 1: spread=2.5, deficit=11.5, price_drop=29%, price=39¢, Q1 3:43",1,223,26,17,11.5,0.5408,0.0692,0.290909090909091,1692783,OFFENSIVE
17,6607bb0e-187,"2026-03-15 00:58:29.749874",f526dea1-e09,401810827,KXNBAGAME-26MAR14ORLMIA-MIA,"Miami Heat",CONSERVATIVE,SELL_ALL,,16,38,608,-570,"Stop loss: -48% after 12min, deficit still 24.5",2,335,43,63,24.5,0.3083,0.1483,0.75,1794520,OFFENSIVE
18,4ea780af-736,"2026-03-15 00:59:48.100425",d80d1058-bd4,401810827,KXNBAGAME-26MAR14ORLMIA-MIA,"Miami Heat",TIERED_CLASSIC,SELL_ALL,,14,67,938,-1268,"Classic universal tail stop: 14¢ <= 15¢ (-57% from avg 33¢)",2,314,43,63,24.5,0.3083,0.1683,0.78125,1824520,OFFENSIVE
19,88c2409e-13a,"2026-03-15 01:01:10.697868",2190e384-cc9,401810827,KXNBAGAME-26MAR14ORLMIA-MIA,"Miami Heat",TIERED,SELL_ALL,,13,74,962,-1268,"Universal tail stop: 13¢ <= 14¢ (-57% from avg 30¢)",2,251,45,65,24.5,0.1982,0.0682,0.796875,1824520,OFFENSIVE
20,0359ec1d-38d,"2026-03-15 01:10:34.770148",a11b4001-9e6,401810829,KXNBAGAME-26MAR14DENLAL-DEN,"Denver Nuggets",TIERED,BUY,1,35,29,1015,,"Tiered Entry 1 (close-spread scalp): spread=2.5, deficit=13.5, price_drop=36%, price=35¢, Q2 11:41",2,701,37,26,13.5,0.6095,0.0405,0.363636363636364,2049322,OFFENSIVE
21,6e73db6c-5a4,"2026-03-15 01:10:34.781285",7f41cf14-1b6,401810829,KXNBAGAME-26MAR14DENLAL-DEN,"Denver Nuggets",TIERED_HOLD,BUY,1,35,26,910,,"Tiered Entry 1 (close-spread scalp): spread=2.5, deficit=13.5, price_drop=36%, price=35¢, Q2 11:41",2,701,37,26,13.5,0.6095,0.0405,0.363636363636364,2049322,OFFENSIVE
22,db80cc0c-0d8,"2026-03-15 01:12:50.937836",a11b4001-9e6,401810829,KXNBAGAME-26MAR14DENLAL-DEN,"Denver Nuggets",TIERED,SELL_ALL,,26,29,754,-261,"Close-spread scalp stop: 26¢ <= 26¢ (-26% from avg 35¢)",2,584,42,28,16.5,0.6095,0.1305,0.527272727272727,1991254,OFFENSIVE
23,af0e183e-d72,"2026-03-15 01:12:50.943052",cd848745-fc7,401810829,KXNBAGAME-26MAR14DENLAL-DEN,"Denver Nuggets",CONSERVATIVE,BUY,1,26,58,1508,,"Conservative entry: edge=13.1% (min 13.0%), deficit_vs_spread=16.5, price=26¢, fair_value=0.610, Q2 9:44",2,584,42,28,16.5,0.6095,0.1305,0.527272727272727,1991254,OFFENSIVE
24,b8409b1b-e3c,"2026-03-15 01:12:50.949525",ad197bf0-347,401810829,KXNBAGAME-26MAR14DENLAL-DEN,"Denver Nuggets",CONSERVATIVE_HOLD,BUY,1,26,54,1404,,"Conservative entry: edge=13.1% (min 13.0%), deficit_vs_spread=16.5, price=26¢, fair_value=0.610, Q2 9:44",2,584,42,28,16.5,0.6095,0.1305,0.527272727272727,1991254,OFFENSIVE
25,4a2add38-052,"2026-03-15 02:08:24.023073",cd848745-fc7,401810829,KXNBAGAME-26MAR14DENLAL-DEN,"Denver Nuggets",CONSERVATIVE,SELL_ALL,,18,58,1044,-464,"Stop loss: -31% after 56min, deficit still 14.5",3,392,72,60,14.5,0.79,0.03,0.672727272727273,1571972,OFFENSIVE
26,4a99f108-cbc,"2026-03-15 02:30:38.483986",52a37fd7-a89,401810829,KXNBAGAME-26MAR14DENLAL-DEN,"Denver Nuggets",TIERED_CLASSIC,SELL_PARTIAL,,63,11,693,264,"Capital recovery: 1.6x (sell 50%)",4,703,87,90,0.0,0.44,-0.07,0.0,1864826,NEUTRAL
27,26714fbf-684,"2026-03-15 02:43:25.496741",52a37fd7-a89,401810829,KXNBAGAME-26MAR14DENLAL-DEN,"Denver Nuggets",TIERED_CLASSIC,SELL_PARTIAL,,84,3,252,135,"House money 1: 2.2x",4,350,96,100,0.0,0.16,0.0,0.0,821269,NEUTRAL
28,132ddc19-ab4,"2026-03-15 02:43:38.725818",f0ea44f6-71e,401810827,KXNBAGAME-26MAR14ORLMIA-MIA,"Miami Heat",CONSERVATIVE_HOLD,SETTLED_LOSS,,0,0,0,-1178,"Game settled - team lost",0,0,0,0,0.0,,,,0,OFFENSIVE
29,2d816b72-d59,"2026-03-15 02:43:38.731611",eed03a3a-188,401810827,KXNBAGAME-26MAR14ORLMIA-MIA,"Miami Heat",TIERED_HOLD,SETTLED_LOSS,,0,0,0,-2230,"Game settled - team lost",0,0,0,0,0.0,,,,0,OFFENSIVE
30,16e94081-1bd,"2026-03-15 02:43:38.735741",ffc9cbad-a93,401810827,KXNBAGAME-26MAR14ORLMIA-MIA,"Miami Heat",TIERED_CLASSIC_HOLD,SETTLED_LOSS,,0,0,0,-2206,"Game settled - team lost",0,0,0,0,0.0,,,,0,OFFENSIVE
31,7e379d94-121,"2026-03-15 02:44:24.836297",52a37fd7-a89,401810829,KXNBAGAME-26MAR14DENLAL-DEN,"Denver Nuggets",TIERED_CLASSIC,SELL_PARTIAL,,88,2,176,98,"House money 2: 2.3x",4,312,98,103,0.0,0.16,-0.04,0.0,361573,NEUTRAL
32,bfe7500d-f0c,"2026-03-15 02:52:38.958669",52a37fd7-a89,401810829,KXNBAGAME-26MAR14DENLAL-DEN,"Denver Nuggets",TIERED_CLASSIC,SELL_PARTIAL,,91,4,364,208,"Late game lock: 91¢ with 173s left",4,173,103,109,0.0,0.11,-0.02,0.0,78109,NEUTRAL
33,c8f11858-0d3,"2026-03-15 02:52:55.267183",52a37fd7-a89,401810829,KXNBAGAME-26MAR14DENLAL-DEN,"Denver Nuggets",TIERED_CLASSIC,SELL_PARTIAL,,92,1,92,53,"Late game lock: 92¢ with 173s left",4,173,103,109,0.0,0.11,-0.03,0.0,76291,NEUTRAL
34,47283b0f-8a8,"2026-03-15 02:53:08.983635",52a37fd7-a89,401810829,KXNBAGAME-26MAR14DENLAL-DEN,"Denver Nuggets",TIERED_CLASSIC,SELL_PARTIAL,,89,1,89,50,"Late game lock: 89¢ with 165s left",4,165,103,109,0.0,0.11,0.0,0.0,76291,NEUTRAL
35,b5ccb69c-9c0,"2026-03-15 02:53:25.077634",52a37fd7-a89,401810829,KXNBAGAME-26MAR14DENLAL-DEN,"Denver Nuggets",TIERED_CLASSIC,SELL_ALL,,90,1,90,51,"Late game lock: 90¢ with 165s left",4,165,103,109,0.0,0.11,-0.01,0.0,77302,NEUTRAL
36,895044c8-df3,"2026-03-15 03:29:41.051287",ad197bf0-347,401810829,KXNBAGAME-26MAR14DENLAL-DEN,"Denver Nuggets",CONSERVATIVE_HOLD,SETTLED_LOSS,,0,0,0,-1404,"Game settled - team lost",0,0,0,0,0.0,,,,0,OFFENSIVE
37,010f48a5-961,"2026-03-15 03:29:41.060466",7f41cf14-1b6,401810829,KXNBAGAME-26MAR14DENLAL-DEN,"Denver Nuggets",TIERED_HOLD,SETTLED_LOSS,,0,0,0,-910,"Game settled - team lost",0,0,0,0,0.0,,,,0,OFFENSIVE
38,c3794fa2-399,"2026-03-15 03:29:41.065737",b2d3fcb4-3c5,401810829,KXNBAGAME-26MAR14DENLAL-DEN,"Denver Nuggets",TIERED_CLASSIC_HOLD,SETTLED_LOSS,,0,0,0,-897,"Game settled - team lost",0,0,0,0,0.0,,,,0,OFFENSIVE
39,21dfd196-d1f,"2026-03-15 18:05:44.884106",6f30253a-873,401810831,KXNBAGAME-26MAR15MINOKC-OKC,"Oklahoma City Thunder",PULSE,BUY,1,60,19,1140,,"Pulse entry: spread=8.5, deficit=12.5, price_drop=21%, price=60¢, Q2 0:00",2,0,47,51,12.5,0.6,0.0,0.210526315789474,1401032,OFFENSIVE
40,e39b40d3-73d,"2026-03-15 18:29:55.649997",6f30253a-873,401810831,KXNBAGAME-26MAR15MINOKC-OKC,"Oklahoma City Thunder",PULSE,SELL_ALL,,52,19,988,-152,"Pulse stop: -13% after 24min",3,454,59,66,15.5,0.52,0.0,0.315789473684211,1366253,OFFENSIVE
41,0b0b3281-248,"2026-03-15 19:44:58.161094",e9602c20-2c4,401810833,KXNBAGAME-26MAR15DETTOR-DET,"Detroit Pistons",PULSE,BUY,1,52,22,1144,,"Pulse entry: spread=3.5, deficit=7.5, price_drop=12%, price=52¢, Q1 9:45",1,585,6,2,7.5,0.43,0.0499999999999999,0.11864406779661,1298291,OFFENSIVE
42,0063b70b-d45,"2026-03-15 19:51:29.294712",e9602c20-2c4,401810833,KXNBAGAME-26MAR15DETTOR-DET,"Detroit Pistons",PULSE,SELL_ALL,,45,22,990,-154,"Pulse stop: -13% after 7min",1,476,13,5,11.5,0.55,0.0,0.23728813559322,1315986,OFFENSIVE
43,38ad8725-626,"2026-03-15 20:04:03.966972",e5e65dfa-725,401810834,KXNBAGAME-26MAR15INDMIL-MIL,"Milwaukee Bucks",PULSE,BUY,1,60,18,1080,,"Pulse entry: spread=7.5, deficit=14.5, price_drop=19%, price=60¢, Q1 1:06",1,66,24,31,14.5,0.62,0.02,0.189189189189189,1336088,OFFENSIVE
44,c5a51af6-6e4,"2026-03-15 20:13:17.330722",e5e65dfa-725,401810834,KXNBAGAME-26MAR15INDMIL-MIL,"Milwaukee Bucks",PULSE,SELL_PARTIAL,,68,10,680,80,"Pulse TP1: +13% (sell 60%)",2,592,36,40,11.5,0.67,-0.01,0.0810810810810811,1337088,OFFENSIVE
45,8b71e501-5b9,"2026-03-15 20:52:14.409656",e5e65dfa-725,401810834,KXNBAGAME-26MAR15INDMIL-MIL,"Milwaukee Bucks",PULSE,SELL_ALL,,75,8,600,120,"Pulse TP2: +25% (sell remaining)",3,656,66,65,6.5,0.71,-0.04,0.0,1110635,OFFENSIVE
46,0a2d8fed-fea,"2026-03-15 23:24:23.688007",03737548-3a3,401810835,KXNBAGAME-26MAR15PORPHI-POR,"Portland Trail Blazers",PULSE,BUY,1,59,19,1121,,"Pulse entry: spread=8.5, deficit=12.5, price_drop=22%, price=59¢, Q3 10:41",3,641,60,56,12.5,0.39,0.02,0.223684210526316,1154182,OFFENSIVE
47,343c78ee-787,"2026-03-15 23:25:23.719727",03737548-3a3,401810835,KXNBAGAME-26MAR15PORPHI-POR,"Portland Trail Blazers",PULSE,SELL_PARTIAL,,67,11,737,88,"Pulse TP1: +14% (sell 60%)",3,596,61,59,10.5,0.4,-0.0700000000000001,0.118421052631579,1154182,OFFENSIVE
48,c0bf74fa-5ff,"2026-03-15 23:28:23.775308",03737548-3a3,401810835,KXNBAGAME-26MAR15PORPHI-POR,"Portland Trail Blazers",PULSE,SELL_ALL,,51,8,408,-64,"Pulse stop: -14% after 4min",3,477,68,61,15.5,0.41,0.08,0.328947368421053,1879224,OFFENSIVE
49,1651a302-716,"2026-03-16 02:30:42.201660",7bc785c3-d19,401810837,KXNBAGAME-26MAR15UTASAC-SAC,"Sacramento Kings",PULSE,BUY,1,52,22,1144,,"Pulse entry: spread=3.5, deficit=7.5, price_drop=13%, price=52¢, Q1 1:39",1,99,22,26,7.5,0.57,0.0499999999999999,0.133333333333333,1764439,OFFENSIVE
50,58e5d84d-527,"2026-03-16 02:43:29.209555",7bc785c3-d19,401810837,KXNBAGAME-26MAR15UTASAC-SAC,"Sacramento Kings",PULSE,SELL_PARTIAL,,60,13,780,104,"Pulse TP1: +15% (sell 60%)",2,409,37,37,3.5,0.58,-0.02,0.0,1703692,OFFENSIVE
51,2ec067ec-0a9,"2026-03-16 02:58:29.680385",7bc785c3-d19,401810837,KXNBAGAME-26MAR15UTASAC-SAC,"Sacramento Kings",PULSE,SELL_ALL,,67,9,603,135,"Pulse TP2: +29% (sell remaining)",2,101,48,45,0.5,0.61,-0.0600000000000001,0.0,1515380,OFFENSIVE
52,9e72b1ff-f02,"2026-03-17 00:22:29.422826",3f4f7271-036,401810843,KXNBAGAME-26MAR16DALNOP-NOP,"New Orleans Pelicans",PULSE,BUY,1,59,20,1180,,"Pulse entry: spread=8.5, deficit=18.5, price_drop=21%, price=59¢, Q1 5:11",1,311,13,23,18.5,0.6864,0.0964,0.213333333333333,1130609,OFFENSIVE
53,d30967ca-3a7,"2026-03-17 00:27:18.375623",3f4f7271-036,401810843,KXNBAGAME-26MAR16DALNOP-NOP,"New Orleans Pelicans",PULSE,SELL_PARTIAL,,67,12,804,96,"Pulse TP1: +14% (sell 60%)",1,221,18,23,13.5,0.6864,0.0164,0.106666666666667,1130901,OFFENSIVE
54,ff630554-565,"2026-03-17 00:29:51.347916",3f4f7271-036,401810843,KXNBAGAME-26MAR16DALNOP-NOP,"New Orleans Pelicans",PULSE,SELL_ALL,,75,8,600,128,"Pulse TP2: +27% (sell remaining)",1,132,25,23,6.5,0.6864,-0.0636,0.0,1455025,OFFENSIVE
55,92c95ac0-b22,"2026-03-17 01:57:20.093001",7fe5f56e-ef9,401810844,KXNBAGAME-26MAR16LALHOU-HOU,"Houston Rockets",PULSE,BUY,1,42,28,1176,,"Pulse entry: spread=2.5, deficit=7.5, price_drop=16%, price=42¢, Q1 4:07",1,247,17,22,7.5,0.44,0.02,0.16,2224735,OFFENSIVE
56,1d229ce5-317,"2026-03-17 02:10:33.443340",7fe5f56e-ef9,401810844,KXNBAGAME-26MAR16LALHOU-HOU,"Houston Rockets",PULSE,SELL_PARTIAL,,48,16,768,96,"Pulse TP1: +14% (sell 60%)",2,646,28,31,5.5,0.46,-0.02,0.04,2254723,OFFENSIVE
57,df5b9c26-9c4,"2026-03-17 02:21:50.805235",3c65d06c-54d,401810845,KXNBAGAME-26MAR16SASLAC-SAS,"San Antonio Spurs",PULSE,BUY,1,60,19,1140,,"Pulse entry: spread=8.5, deficit=20.5, price_drop=21%, price=60¢, Q1 8:08",1,488,15,3,20.5,0.37,0.03,0.210526315789474,1380383,OFFENSIVE
58,1f9c2727-02c,"2026-03-17 02:35:35.148437",7fe5f56e-ef9,401810844,KXNBAGAME-26MAR16LALHOU-HOU,"Houston Rockets",PULSE,SELL_ALL,,55,12,660,156,"Pulse TP2: +31% (sell remaining)",2,165,49,46,0.0,0.55,0.0,0.0,2770726,OFFENSIVE
59,fbf3b682-790,"2026-03-17 02:49:34.488031",3c65d06c-54d,401810845,KXNBAGAME-26MAR16SASLAC-SAS,"San Antonio Spurs",PULSE,SELL_PARTIAL,,68,11,748,88,"Pulse TP1: +13% (sell 60%)",2,664,37,32,13.5,0.33,-0.01,0.105263157894737,2931329,OFFENSIVE
60,e4dafe69-610,"2026-03-17 02:51:39.693914",3c65d06c-54d,401810845,KXNBAGAME-26MAR16SASLAC-SAS,"San Antonio Spurs",PULSE,SELL_ALL,,75,8,600,120,"Pulse TP2: +25% (sell remaining)",2,608,37,34,11.5,0.29,-0.04,0.0131578947368421,2809662,OFFENSIVE
61,de04d046-73f,"2026-03-17 23:58:13.693943",03370a32-4eb,401810846,KXNBAGAME-26MAR17MIACHA-CHA,"Charlotte Hornets",PULSE,BUY,1,59,21,1239,,"Pulse entry: spread=5.5, deficit=6.5, price_drop=11%, price=59¢, Q2 3:24",2,204,47,48,6.5,0.59,0.0,0.106060606060606,1835576,OFFENSIVE
62,60126ae2-2b4,"2026-03-18 00:13:23.921826",3d007b4a-c4d,401810851,KXNBAGAME-26MAR17PHXMIN-MIN,"Minnesota Timberwolves",PULSE,BUY,1,52,21,1092,,"Pulse entry: spread=3.5, deficit=6.5, price_drop=12%, price=52¢, Q1 9:50",1,590,4,7,6.5,0.5985,0.0785,0.11864406779661,1104801,OFFENSIVE
63,083cb193-841,"2026-03-18 00:17:24.331397",3d007b4a-c4d,401810851,KXNBAGAME-26MAR17PHXMIN-MIN,"Minnesota Timberwolves",PULSE,SELL_ALL,,41,21,861,-231,"Pulse stop: -21% after 4min",1,451,7,18,14.5,0.5902,0.1802,0.305084745762712,1672979,OFFENSIVE
64,4a240850-08d,"2026-03-18 00:19:37.469944",67fcd637-86f,401810851,KXNBAGAME-26MAR17PHXMIN-MIN,"Minnesota Timberwolves",TIERED_CLASSIC,BUY,1,40,28,1120,,"Tiered Classic Entry 1: spread=3.5, deficit=14.5, price_drop=32%, price=40¢, Q1 7:31",1,451,7,18,14.5,0.5902,0.1902,0.322033898305085,1673022,OFFENSIVE
65,c24fe354-a92,"2026-03-18 00:19:37.479386",6b8d94a3-016,401810851,KXNBAGAME-26MAR17PHXMIN-MIN,"Minnesota Timberwolves",TIERED_CLASSIC_HOLD,BUY,1,40,20,800,,"Tiered Classic Entry 1: spread=3.5, deficit=14.5, price_drop=32%, price=40¢, Q1 7:31",1,451,7,18,14.5,0.5902,0.1902,0.322033898305085,1673022,OFFENSIVE
66,03dc8390-af9,"2026-03-18 00:27:13.842204",03370a32-4eb,401810846,KXNBAGAME-26MAR17MIACHA-CHA,"Charlotte Hornets",PULSE,SELL_PARTIAL,,67,12,804,96,"Pulse TP1: +14% (sell 60%)",3,720,59,57,3.5,0.6505,-0.0195000000000001,0.0,1495436,OFFENSIVE
67,40049c05-017,"2026-03-18 00:28:40.950941",03370a32-4eb,401810846,KXNBAGAME-26MAR17MIACHA-CHA,"Charlotte Hornets",PULSE,SELL_ALL,,79,9,711,180,"Pulse TP2: +34% (sell remaining)",3,629,64,57,0.0,0.6505,-0.1395,0.0,1525436,OFFENSIVE
68,ff906032-604,"2026-03-18 00:35:43.346428",cf7e0c15-92f,401810847,KXNBAGAME-26MAR17OKCORL-OKC,"Oklahoma City Thunder",PULSE,BUY,1,60,21,1260,,"Pulse entry: spread=9.5, deficit=13.5, price_drop=26%, price=60¢, Q3 5:26",3,326,72,68,13.5,0.377,0.023,0.259259259259259,804489,OFFENSIVE
69,0a7d407b-642,"2026-03-18 00:42:53.324275",cf7e0c15-92f,401810847,KXNBAGAME-26MAR17OKCORL-OKC,"Oklahoma City Thunder",PULSE,SELL_PARTIAL,,68,12,816,96,"Pulse TP1: +13% (sell 60%)",3,176,77,75,11.5,0.377,-0.0570000000000001,0.160493827160494,825129,OFFENSIVE
70,56641a84-317,"2026-03-18 00:45:20.709244",cf7e0c15-92f,401810847,KXNBAGAME-26MAR17OKCORL-OKC,"Oklahoma City Thunder",PULSE,SELL_ALL,,76,9,684,144,"Pulse TP2: +27% (sell remaining)",3,82,79,80,8.5,0.3983,-0.1583,0.0617283950617284,1209420,OFFENSIVE
71,eebf190f-15e,"2026-03-18 01:12:00.234233",67fcd637-86f,401810851,KXNBAGAME-26MAR17PHXMIN-MIN,"Minnesota Timberwolves",TIERED_CLASSIC,SELL_PARTIAL,,60,14,840,280,"Capital recovery: 1.5x (sell 50%)",2,0,64,63,2.5,0.59,-0.01,0.0,2263844,OFFENSIVE
72,3fef832d-884,"2026-03-18 01:58:18.194677",67fcd637-86f,401810851,KXNBAGAME-26MAR17PHXMIN-MIN,"Minnesota Timberwolves",TIERED_CLASSIC,SELL_PARTIAL,,81,3,243,123,"House money 1: 2.0x",4,685,92,86,0.0,0.78,-0.03,0.0,1086668,NEUTRAL
73,20bb116e-0c4,"2026-03-18 01:58:48.224363",67fcd637-86f,401810851,KXNBAGAME-26MAR17PHXMIN-MIN,"Minnesota Timberwolves",TIERED_CLASSIC,SELL_PARTIAL,,90,2,180,100,"House money 2: 2.2x",4,659,94,86,0.0,0.78,-0.12,0.0,1057668,NEUTRAL
74,0aee7942-3c6,"2026-03-18 02:25:24.419325",67fcd637-86f,401810851,KXNBAGAME-26MAR17PHXMIN-MIN,"Minnesota Timberwolves",TIERED_CLASSIC,SELL_PARTIAL,,100,5,500,300,"Late game lock: 100¢ with 170s left",4,170,113,100,0.0,0.99,-0.01,0.0,0,NEUTRAL
75,0ea67929-5b8,"2026-03-18 02:25:35.772080",67fcd637-86f,401810851,KXNBAGAME-26MAR17PHXMIN-MIN,"Minnesota Timberwolves",TIERED_CLASSIC,SELL_PARTIAL,,100,2,200,120,"Late game lock: 100¢ with 159s left",4,159,113,102,0.0,0.99,-0.01,0.0,0,NEUTRAL
76,757da3f2-201,"2026-03-18 02:25:48.824907",67fcd637-86f,401810851,KXNBAGAME-26MAR17PHXMIN-MIN,"Minnesota Timberwolves",TIERED_CLASSIC,SELL_PARTIAL,,100,1,100,60,"Late game lock: 100¢ with 155s left",4,155,113,102,0.0,0.99,-0.01,0.0,0,NEUTRAL
77,6b4549b2-873,"2026-03-18 02:26:05.840793",67fcd637-86f,401810851,KXNBAGAME-26MAR17PHXMIN-MIN,"Minnesota Timberwolves",TIERED_CLASSIC,SELL_ALL,,100,1,100,60,"Late game lock: 100¢ with 137s left",4,137,113,102,0.0,0.99,-0.01,0.0,0,NEUTRAL
78,54786170-f96,"2026-03-18 02:32:22.323697",6b8d94a3-016,401810851,KXNBAGAME-26MAR17PHXMIN-MIN,"Minnesota Timberwolves",TIERED_CLASSIC_HOLD,SETTLED_WIN,,100,0,2000,1200,"Game settled - team won",0,0,0,0,0.0,,,,0,OFFENSIVE
79,17887975-a36,"2026-03-19 00:13:09.727054",652b63a1-50a,401810860,KXNBAGAME-26MAR19LACNOP-NOP,"New Orleans Pelicans",PULSE,BUY,1,43,30,1290,,"Pulse entry: spread=1.5, deficit=6.5, price_drop=10%, price=43¢, Q1 10:07",1,607,2,7,6.5,0.5288,0.0988000000000001,0.104166666666667,1168072,OFFENSIVE
80,6f6bb85f-8ce,"2026-03-19 00:18:56.739226",c09df3e5-a1a,401810860,KXNBAGAME-26MAR19LACNOP-NOP,"New Orleans Pelicans",TIERED_CLASSIC,BUY,1,40,31,1240,,"Tiered Classic Entry 1: spread=1.5, deficit=10.5, price_drop=17%, price=40¢, Q1 7:08",1,428,12,21,10.5,0.42,0.02,0.166666666666667,1168072,OFFENSIVE
81,bc8facca-ddf,"2026-03-19 00:18:56.747720",b71e1a00-f51,401810860,KXNBAGAME-26MAR19LACNOP-NOP,"New Orleans Pelicans",TIERED_CLASSIC_HOLD,BUY,1,40,24,960,,"Tiered Classic Entry 1: spread=1.5, deficit=10.5, price_drop=17%, price=40¢, Q1 7:08",1,428,12,21,10.5,0.42,0.02,0.166666666666667,1168072,OFFENSIVE
82,e905255f-9f7,"2026-03-19 01:28:09.913202",652b63a1-50a,401810860,KXNBAGAME-26MAR19LACNOP-NOP,"New Orleans Pelicans",PULSE,SELL_PARTIAL,,49,18,882,108,"Pulse TP1: +14% (sell 60%)",3,490,70,66,0.0,0.45,-0.04,0.0,1168072,OFFENSIVE
83,aa001603-ea3,"2026-03-19 01:58:32.746518",652b63a1-50a,401810860,KXNBAGAME-26MAR19LACNOP-NOP,"New Orleans Pelicans",PULSE,SELL_ALL,,56,12,672,156,"Pulse TP2: +30% (sell remaining)",4,503,105,94,0.0,0.56,0.0,0.0,1221892,OFFENSIVE
84,3cddf548-3df,"2026-03-19 01:58:32.759027",4a2da2b0-d0c,401810862,KXNBAGAME-26MAR18LALHOU-HOU,"Houston Rockets",PULSE,BUY,1,48,26,1248,,"Pulse entry: spread=2.5, deficit=6.5, price_drop=13%, price=48¢, Q1 4:32",1,272,15,19,6.5,0.48,0.0,0.127272727272727,1610875,OFFENSIVE
85,217b1846-cf4,"2026-03-19 02:05:11.669239",4a2da2b0-d0c,401810862,KXNBAGAME-26MAR18LALHOU-HOU,"Houston Rockets",PULSE,SELL_PARTIAL,,54,15,810,90,"Pulse TP1: +12% (sell 60%)",1,138,21,24,5.5,0.48,-0.0600000000000001,0.0181818181818182,1610964,OFFENSIVE
86,11830a4c-3c7,"2026-03-19 02:06:11.807916",4a2da2b0-d0c,401810862,KXNBAGAME-26MAR18LALHOU-HOU,"Houston Rockets",PULSE,SELL_ALL,,41,11,451,-77,"Pulse stop: -15% after 8min",1,77,24,29,7.5,0.45,0.04,0.254545454545455,1610964,OFFENSIVE
87,cd1e05ac-94e,"2026-03-19 02:06:29.115115",7ce85304-01b,401810862,KXNBAGAME-26MAR18LALHOU-HOU,"Houston Rockets",TIERED_CLASSIC,BUY,1,40,28,1120,,"Tiered Classic Entry 1: spread=2.5, deficit=10.5, price_drop=27%, price=40¢, Q1 1:10",1,70,24,32,10.5,0.45,0.05,0.272727272727273,1610964,OFFENSIVE
88,724a6343-0bc,"2026-03-19 02:06:29.124955",65090b55-99d,401810862,KXNBAGAME-26MAR18LALHOU-HOU,"Houston Rockets",TIERED_CLASSIC_HOLD,BUY,1,40,21,840,,"Tiered Classic Entry 1: spread=2.5, deficit=10.5, price_drop=27%, price=40¢, Q1 1:10",1,70,24,32,10.5,0.45,0.05,0.272727272727273,1610964,OFFENSIVE
89,fbd652fb-295,"2026-03-19 02:16:30.686353",c09df3e5-a1a,401810860,KXNBAGAME-26MAR19LACNOP-NOP,"New Orleans Pelicans",TIERED_CLASSIC,SETTLED_WIN,,100,0,3100,1860,"Game settled - team won",0,0,0,0,0.0,,,,0,OFFENSIVE
90,80c566d5-4cb,"2026-03-19 02:16:30.694712",b71e1a00-f51,401810860,KXNBAGAME-26MAR19LACNOP-NOP,"New Orleans Pelicans",TIERED_CLASSIC_HOLD,SETTLED_WIN,,100,0,2400,1440,"Game settled - team won",0,0,0,0,0.0,,,,0,OFFENSIVE
91,41755e07-5dc,"2026-03-19 02:16:30.700881",6b237a9e-87a,401810862,KXNBAGAME-26MAR18LALHOU-HOU,"Houston Rockets",TIERED,BUY,1,34,29,986,,"Tiered Entry 1 (close-spread scalp): spread=2.5, deficit=10.5, price_drop=38%, price=34¢, Q2 9:36",2,576,32,40,10.5,0.34,0.0,0.381818181818182,2197463,OFFENSIVE
92,969d4510-0ae,"2026-03-19 02:16:30.706468",c88ec309-a4d,401810862,KXNBAGAME-26MAR18LALHOU-HOU,"Houston Rockets",TIERED_HOLD,BUY,1,34,24,816,,"Tiered Entry 1 (close-spread scalp): spread=2.5, deficit=10.5, price_drop=38%, price=34¢, Q2 9:36",2,576,32,40,10.5,0.34,0.0,0.381818181818182,2197463,OFFENSIVE
93,30a2e2c6-b93,"2026-03-19 02:16:59.351896",7ce85304-01b,401810862,KXNBAGAME-26MAR18LALHOU-HOU,"Houston Rockets",TIERED_CLASSIC,BUY,2,29,47,1363,,"Tiered Classic Entry 2: price dropped 28% since Entry 1, deficit=15.5, price=29¢, Q2 8:59",2,539,32,45,15.5,0.34,0.05,0.472727272727273,2197463,OFFENSIVE
94,ea10fd60-b83,"2026-03-19 02:16:59.360633",65090b55-99d,401810862,KXNBAGAME-26MAR18LALHOU-HOU,"Houston Rockets",TIERED_CLASSIC_HOLD,BUY,2,29,35,1015,,"Tiered Classic Entry 2: price dropped 28% since Entry 1, deficit=15.5, price=29¢, Q2 8:59",2,539,32,45,15.5,0.34,0.05,0.472727272727273,2197463,OFFENSIVE
95,b39f0f9e-171,"2026-03-19 02:37:00.385395",6b237a9e-87a,401810862,KXNBAGAME-26MAR18LALHOU-HOU,"Houston Rockets",TIERED,SELL_ALL,,25,29,725,-261,"Close-spread scalp stop: 25¢ <= 26¢ (-26% from avg 34¢)",2,0,55,66,13.5,0.33,0.08,0.545454545454545,1677715,OFFENSIVE
96,9aa6c9d9-646,"2026-03-19 02:39:31.069887",c88ec309-a4d,401810862,KXNBAGAME-26MAR18LALHOU-HOU,"Houston Rockets",TIERED_HOLD,BUY,2,24,30,720,,"Tiered Entry 2: price dropped 29% since Entry 1, deficit=14.5, price=24¢, Q2 12:00",2,720,55,67,14.5,0.24,0.0,0.563636363636364,1677715,OFFENSIVE
97,a1a38ade-95e,"2026-03-19 03:06:14.483363",7ce85304-01b,401810862,KXNBAGAME-26MAR18LALHOU-HOU,"Houston Rockets",TIERED_CLASSIC,SELL_PARTIAL,,54,37,1998,774,"Capital recovery: 1.6x (sell 50%)",3,433,71,72,3.5,0.49,-0.05,0.0181818181818182,2167969,NEUTRAL
98,7edf652b-d1a,"2026-03-19 03:20:32.556895",7ce85304-01b,401810862,KXNBAGAME-26MAR18LALHOU-HOU,"Houston Rockets",TIERED_CLASSIC,SELL_PARTIAL,,67,9,603,306,"House money 1: 2.0x",3,153,87,83,0.0,0.61,-0.0600000000000001,0.0,1730733,NEUTRAL
99,5f197895-c7d,"2026-03-19 03:35:45.682439",7ce85304-01b,401810862,KXNBAGAME-26MAR18LALHOU-HOU,"Houston Rockets",TIERED_CLASSIC,SELL_ALL,,27,29,783,-177,"Trailing stop: 61% from peak of 70¢",4,531,96,100,6.5,0.4,0.13,0.509090909090909,2011015,NEUTRAL
100,8e57d40f-880,"2026-03-19 04:10:03.893596",c88ec309-a4d,401810862,KXNBAGAME-26MAR18LALHOU-HOU,"Houston Rockets",TIERED_HOLD,SETTLED_LOSS,,0,0,0,-1536,"Game settled - team lost",0,0,0,0,0.0,,,,0,OFFENSIVE
101,751a6bd5-211,"2026-03-19 04:10:03.906397",65090b55-99d,401810862,KXNBAGAME-26MAR18LALHOU-HOU,"Houston Rockets",TIERED_CLASSIC_HOLD,SETTLED_LOSS,,0,0,0,-1855,"Game settled - team lost",0,0,0,0,0.0,,,,0,OFFENSIVE
102,a4be0d98-384,"2026-03-19 23:16:11.006461",4e0d4c68-6cc,401810863,KXNBAGAME-26MAR19ORLCHA-CHA,"Charlotte Hornets",PULSE,BUY,1,60,22,1320,,"Pulse entry: spread=5.5, deficit=8.5, price_drop=12%, price=60¢, Q1 8:51",1,531,9,12,8.5,0.63,0.03,0.117647058823529,1042703,OFFENSIVE
103,4cfef7bf-6c5,"2026-03-19 23:36:27.763722",4e0d4c68-6cc,401810863,KXNBAGAME-26MAR19ORLCHA-CHA,"Charlotte Hornets",PULSE,SELL_PARTIAL,,68,13,884,104,"Pulse TP1: +13% (sell 60%)",1,0,32,32,5.5,0.68,0.0,0.0,1036339,OFFENSIVE
104,bc73e593-024,"2026-03-19 23:39:54.597070",4e0d4c68-6cc,401810863,KXNBAGAME-26MAR19ORLCHA-CHA,"Charlotte Hornets",PULSE,SELL_ALL,,75,9,675,135,"Pulse TP2: +25% (sell remaining)",2,681,37,32,0.5,0.71,-0.04,0.0,1066347,OFFENSIVE
105,acb199ab-93e,"2026-03-20 00:24:42.251461",9106023c-8b4,401810867,KXNBAGAME-26MAR19LACNOP-NOP,"New Orleans Pelicans",PULSE,BUY,1,53,25,1325,,"Pulse entry: spread=1.5, deficit=6.5, price_drop=13%, price=53¢, Q1 4:26",1,266,15,20,6.5,0.5482,0.0182,0.131147540983607,1165549,OFFENSIVE
106,060413a4-06a,"2026-03-20 00:33:35.232010",9106023c-8b4,401810867,KXNBAGAME-26MAR19LACNOP-NOP,"New Orleans Pelicans",PULSE,SELL_PARTIAL,,61,15,915,120,"Pulse TP1: +15% (sell 60%)",1,73,24,24,1.5,0.5506,-0.0594,0.0,1195554,OFFENSIVE
107,12dcbde2-59a,"2026-03-20 00:44:53.047073",55b9b020-803,401810868,KXNBAGAME-26MAR19PHXSAS-SAS,"San Antonio Spurs",PULSE,BUY,1,59,22,1298,,"Pulse entry: spread=9.5, deficit=20.5, price_drop=28%, price=59¢, Q2 8:20",2,500,32,43,20.5,0.5993,0.00930000000000009,0.280487804878049,595764,OFFENSIVE
108,070db804-8bd,"2026-03-20 00:46:59.186621",55b9b020-803,401810868,KXNBAGAME-26MAR19PHXSAS-SAS,"San Antonio Spurs",PULSE,SELL_PARTIAL,,68,13,884,117,"Pulse TP1: +15% (sell 60%)",2,388,38,45,16.5,0.5993,-0.0807,0.170731707317073,595652,OFFENSIVE
109,9598816c-e50,"2026-03-20 00:51:15.325547",55b9b020-803,401810868,KXNBAGAME-26MAR19PHXSAS-SAS,"San Antonio Spurs",PULSE,SELL_ALL,,74,9,666,135,"Pulse TP2: +25% (sell remaining)",2,323,42,45,12.5,0.5993,-0.1407,0.0975609756097561,624787,OFFENSIVE
110,3d4b4f69-2d8,"2026-03-20 00:53:32.556960",9106023c-8b4,401810867,KXNBAGAME-26MAR19LACNOP-NOP,"New Orleans Pelicans",PULSE,SELL_ALL,,68,10,680,150,"Pulse TP2: +28% (sell remaining)",2,239,45,43,0.0,0.5585,-0.1215,0.0,1195554,OFFENSIVE
111,6b056bf6-865,"2026-03-20 01:27:43.176743",fbb67ece-7f8,401810865,KXNBAGAME-26MAR19LALMIA-MIA,"Miami Heat",PULSE,BUY,1,47,30,1410,,"Pulse entry: spread=3.5, deficit=6.5, price_drop=18%, price=47¢, Q3 7:02",3,422,76,79,6.5,0.53,0.0600000000000001,0.175438596491228,49095,OFFENSIVE
112,0f9d4f5a-177,"2026-03-20 01:29:32.492567",661f2222-5bb,401810869,KXNBAGAME-26MAR19MILUTA-MIL,"Milwaukee Bucks",PULSE,BUY,1,60,20,1200,,"Pulse entry: spread=5.5, deficit=12.5, price_drop=14%, price=60¢, Q1 4:39",1,279,20,13,12.5,0.37,0.03,0.142857142857143,933932,OFFENSIVE
113,bc6aebdc-867,"2026-03-20 01:31:43.330915",fbb67ece-7f8,401810865,KXNBAGAME-26MAR19LALMIA-MIA,"Miami Heat",PULSE,SELL_ALL,,41,30,1230,-180,"Pulse stop: -13% after 4min",3,412,77,79,5.5,0.45,0.04,0.280701754385965,49122,OFFENSIVE
114,324bc2c4-09a,"2026-03-20 01:33:43.347684",661f2222-5bb,401810869,KXNBAGAME-26MAR19MILUTA-MIL,"Milwaukee Bucks",PULSE,SELL_ALL,,49,20,980,-220,"Pulse stop: -18% after 4min",1,127,27,16,16.5,0.52,-0.01,0.3,933932,OFFENSIVE
115,0f591482-ffa,"2026-03-20 02:02:44.193947",f1ed42ff-1bc,401810869,KXNBAGAME-26MAR19MILUTA-MIL,"Milwaukee Bucks",TIERED_CLASSIC,BUY,1,37,43,1591,,"Tiered Classic Entry 1: spread=5.5, deficit=16.5, price_drop=47%, price=37¢, Q2 2:41",2,161,53,42,16.5,0.57,0.06,0.471428571428571,846637,OFFENSIVE
116,c1cc15cf-436,"2026-03-20 02:02:44.202676",23d73e69-ed6,401810869,KXNBAGAME-26MAR19MILUTA-MIL,"Milwaukee Bucks",TIERED_CLASSIC_HOLD,BUY,1,37,24,888,,"Tiered Classic Entry 1: spread=5.5, deficit=16.5, price_drop=47%, price=37¢, Q2 2:41",2,161,53,42,16.5,0.57,0.06,0.471428571428571,846637,OFFENSIVE
117,cfcdeac7-520,"2026-03-20 02:05:44.194490",a9ba4f56-30b,401810869,KXNBAGAME-26MAR19MILUTA-MIL,"Milwaukee Bucks",TIERED,BUY,1,35,28,980,,"Tiered Entry 1 (mid-spread recovery): spread=5.5, deficit=16.5, price_drop=50%, price=35¢, Q2 2:25",2,145,53,42,16.5,0.62,0.03,0.5,846682,OFFENSIVE
118,0ab7ebf9-aa0,"2026-03-20 02:05:44.203340",f5f9898b-df7,401810869,KXNBAGAME-26MAR19MILUTA-MIL,"Milwaukee Bucks",TIERED_HOLD,BUY,1,35,18,630,,"Tiered Entry 1 (mid-spread recovery): spread=5.5, deficit=16.5, price_drop=50%, price=35¢, Q2 2:25",2,145,53,42,16.5,0.62,0.03,0.5,846682,OFFENSIVE
119,9fbc9f9b-1c5,"2026-03-20 02:06:44.278182",fd54d915-342,401810869,KXNBAGAME-26MAR19MILUTA-MIL,"Milwaukee Bucks",CONSERVATIVE,BUY,1,20,71,1420,,"Conservative entry: edge=15.0% (min 10.0%), deficit_vs_spread=24.5, price=20¢, fair_value=0.650, Q2 1:29",2,89,61,42,24.5,0.65,0.15,0.714285714285714,794132,OFFENSIVE
120,f2356bc3-e65,"2026-03-20 02:06:44.286030",e518c571-a3e,401810869,KXNBAGAME-26MAR19MILUTA-MIL,"Milwaukee Bucks",CONSERVATIVE_HOLD,BUY,1,20,59,1180,,"Conservative entry: edge=15.0% (min 10.0%), deficit_vs_spread=24.5, price=20¢, fair_value=0.650, Q2 1:29",2,89,61,42,24.5,0.65,0.15,0.714285714285714,794132,OFFENSIVE
121,e4915403-d44,"2026-03-20 02:09:44.323012",a9ba4f56-30b,401810869,KXNBAGAME-26MAR19MILUTA-MIL,"Milwaukee Bucks",TIERED,SELL_ALL,,15,28,420,-560,"Universal tail stop: 15¢ <= 16¢ (-57% from avg 35¢)",2,0,64,44,25.5,0.8,0.05,0.785714285714286,794132,OFFENSIVE
122,5908051b-6b6,"2026-03-20 02:09:44.328271",f1ed42ff-1bc,401810869,KXNBAGAME-26MAR19MILUTA-MIL,"Milwaukee Bucks",TIERED_CLASSIC,SELL_ALL,,15,43,645,-946,"Classic universal tail stop: 15¢ <= 17¢ (-59% from avg 37¢)",2,0,64,44,25.5,0.8,0.05,0.785714285714286,794132,OFFENSIVE
123,25caf2f6-db0,"2026-03-20 02:25:44.701971",f5f9898b-df7,401810869,KXNBAGAME-26MAR19MILUTA-MIL,"Milwaukee Bucks",TIERED_HOLD,BUY,2,15,37,555,,"Tiered Entry 2: price dropped 57% since Entry 1, deficit=25.5, price=15¢, Q3 12:00",3,720,64,44,25.5,0.83,0.02,0.785714285714286,79128,OFFENSIVE
124,6c0b5a27-d9e,"2026-03-20 02:32:44.934528",fd54d915-342,401810869,KXNBAGAME-26MAR19MILUTA-MIL,"Milwaukee Bucks",CONSERVATIVE,SELL_PARTIAL,,26,35,910,210,"TP1: +30% (sell 50%)",3,452,74,63,16.5,0.76,-0.02,0.628571428571429,79128,OFFENSIVE
125,d3910ba1-ef8,"2026-03-20 02:41:15.103050",fd54d915-342,401810869,KXNBAGAME-26MAR19MILUTA-MIL,"Milwaukee Bucks",CONSERVATIVE,SELL_ALL,,12,36,432,-288,"Stop loss: -40% after 35min, deficit still 20.5",3,294,79,64,20.5,0.83,0.05,0.828571428571429,79128,OFFENSIVE
126,cdf1ce44-a17,"2026-03-20 03:19:16.015060",e518c571-a3e,401810869,KXNBAGAME-26MAR19MILUTA-MIL,"Milwaukee Bucks",CONSERVATIVE_HOLD,SETTLED_LOSS,,0,0,0,-1180,"Game settled - team lost",0,0,0,0,0.0,,,,0,OFFENSIVE
127,bb5bd8da-c03,"2026-03-20 03:19:16.021706",f5f9898b-df7,401810869,KXNBAGAME-26MAR19MILUTA-MIL,"Milwaukee Bucks",TIERED_HOLD,SETTLED_LOSS,,0,0,0,-1185,"Game settled - team lost",0,0,0,0,0.0,,,,0,OFFENSIVE
128,10658edf-a63,"2026-03-20 03:19:16.026267",23d73e69-ed6,401810869,KXNBAGAME-26MAR19MILUTA-MIL,"Milwaukee Bucks",TIERED_CLASSIC_HOLD,SETTLED_LOSS,,0,0,0,-888,"Game settled - team lost",0,0,0,0,0.0,,,,0,OFFENSIVE
129,e3713964-595,"2026-03-21 00:09:05.394468",fba7cb22-f8c,401810872,KXNBAGAME-26MAR20GSWDET-DET,"Detroit Pistons",PULSE,BUY,1,60,22,1320,,"Pulse entry: spread=4.5, deficit=7.5, price_drop=14%, price=60¢, Q1 0:00",1,0,21,24,7.5,0.6756,0.0756,0.142857142857143,1211971,OFFENSIVE
130,d2e015e2-e77,"2026-03-21 00:13:40.956543",9f58931b-59c,401810875,KXNBAGAME-26MAR20PORMIN-MIN,"Minnesota Timberwolves",PULSE,BUY,1,42,29,1218,,"Pulse entry: spread=2.5, deficit=7.5, price_drop=18%, price=42¢, Q1 9:24",1,564,4,9,7.5,0.5097,0.0897000000000001,0.176470588235294,1306915,OFFENSIVE
131,6e0d84a6-086,"2026-03-21 00:17:34.383711",9f58931b-59c,401810875,KXNBAGAME-26MAR20PORMIN-MIN,"Minnesota Timberwolves",PULSE,SELL_PARTIAL,,49,17,833,119,"Pulse TP1: +17% (sell 60%)",1,451,7,11,6.5,0.5097,0.0197000000000001,0.0392156862745098,1306917,OFFENSIVE
132,a3a12c7b-1d1,"2026-03-21 00:19:04.414960",fba7cb22-f8c,401810872,KXNBAGAME-26MAR20GSWDET-DET,"Detroit Pistons",PULSE,SELL_ALL,,49,22,1078,-242,"Pulse stop: -18% after 10min",2,566,29,38,13.5,0.6565,0.1665,0.3,1211925,OFFENSIVE
133,bf974748-bb6,"2026-03-21 00:23:34.424683",aaaba47f-0a6,401810873,KXNBAGAME-26MAR20ATLHOU-HOU,"Houston Rockets",PULSE,BUY,1,54,24,1296,,"Pulse entry: spread=3.5, deficit=6.5, price_drop=10%, price=54¢, Q1 6:57",1,417,15,18,6.5,0.5744,0.0344,0.1,1368162,OFFENSIVE
134,931cf3d8-8e7,"2026-03-21 00:26:22.587552",9f58931b-59c,401810875,KXNBAGAME-26MAR20PORMIN-MIN,"Minnesota Timberwolves",PULSE,SELL_ALL,,36,12,432,-72,"Pulse stop: -14% after 13min",1,202,17,24,9.5,0.4399,0.0799,0.294117647058824,1306917,OFFENSIVE
135,06fb2d71-2d5,"2026-03-21 00:28:06.034173",aaaba47f-0a6,401810873,KXNBAGAME-26MAR20ATLHOU-HOU,"Houston Rockets",PULSE,SELL_PARTIAL,,61,14,854,98,"Pulse TP1: +13% (sell 60%)",1,281,24,21,0.5,0.5744,-0.0356,0.0,1368162,OFFENSIVE
136,de297e6d-0e4,"2026-03-21 00:36:15.401479",aaaba47f-0a6,401810873,KXNBAGAME-26MAR20ATLHOU-HOU,"Houston Rockets",PULSE,SELL_ALL,,68,10,680,140,"Pulse TP2: +26% (sell remaining)",1,90,31,24,0.0,0.5881,-0.0919000000000001,0.0,1368162,OFFENSIVE
137,7aa6c53b-2fc,"2026-03-21 00:41:37.837844",af9d5ab8-6c4,401810875,KXNBAGAME-26MAR20PORMIN-MIN,"Minnesota Timberwolves",TIERED,BUY,1,34,27,918,,"Tiered Entry 1 (close-spread scalp): spread=2.5, deficit=10.5, price_drop=33%, price=34¢, Q2 10:37",2,637,30,38,10.5,0.4167,0.0767,0.333333333333333,1276867,OFFENSIVE
138,d33c0359-d3a,"2026-03-21 00:41:37.841905",e4300611-db7,401810875,KXNBAGAME-26MAR20PORMIN-MIN,"Minnesota Timberwolves",TIERED_CLASSIC,BUY,1,34,43,1462,,"Tiered Classic Entry 1: spread=2.5, deficit=10.5, price_drop=33%, price=34¢, Q2 10:37",2,637,30,38,10.5,0.4167,0.0767,0.333333333333333,1276867,OFFENSIVE
139,0b01b85f-667,"2026-03-21 00:41:37.844655",a75a3cd2-7ac,401810875,KXNBAGAME-26MAR20PORMIN-MIN,"Minnesota Timberwolves",TIERED_HOLD,BUY,1,34,14,476,,"Tiered Entry 1 (close-spread scalp): spread=2.5, deficit=10.5, price_drop=33%, price=34¢, Q2 10:37",2,637,30,38,10.5,0.4167,0.0767,0.333333333333333,1276867,OFFENSIVE
140,c28ebe2e-0c5,"2026-03-21 00:41:37.846752",e000151f-8d7,401810875,KXNBAGAME-26MAR20PORMIN-MIN,"Minnesota Timberwolves",TIERED_CLASSIC_HOLD,BUY,1,34,23,782,,"Tiered Classic Entry 1: spread=2.5, deficit=10.5, price_drop=33%, price=34¢, Q2 10:37",2,637,30,38,10.5,0.4167,0.0767,0.333333333333333,1276867,OFFENSIVE
141,6dc8d181-ef4,"2026-03-21 00:53:08.078430",af9d5ab8-6c4,401810875,KXNBAGAME-26MAR20PORMIN-MIN,"Minnesota Timberwolves",TIERED,SELL_ALL,,25,27,675,-243,"Close-spread scalp stop: 25¢ <= 26¢ (-26% from avg 34¢)",2,345,40,52,14.5,0.3848,0.1348,0.509803921568627,1277867,OFFENSIVE
142,e6c2d6f2-7d0,"2026-03-21 00:53:08.081821",e00589c9-bc7,401810875,KXNBAGAME-26MAR20PORMIN-MIN,"Minnesota Timberwolves",CONSERVATIVE,BUY,1,25,56,1400,,"Conservative entry: edge=13.5% (min 13.0%), deficit_vs_spread=14.5, price=25¢, fair_value=0.385, Q2 5:45",2,345,40,52,14.5,0.3848,0.1348,0.509803921568627,1277867,OFFENSIVE
143,33d081b4-4d4,"2026-03-21 00:53:08.085634",660b3f98-0b8,401810875,KXNBAGAME-26MAR20PORMIN-MIN,"Minnesota Timberwolves",CONSERVATIVE_HOLD,BUY,1,25,39,975,,"Conservative entry: edge=13.5% (min 13.0%), deficit_vs_spread=14.5, price=25¢, fair_value=0.385, Q2 5:45",2,345,40,52,14.5,0.3848,0.1348,0.509803921568627,1277867,OFFENSIVE
144,01dd98d3-d20,"2026-03-21 00:55:52.864394",e4300611-db7,401810875,KXNBAGAME-26MAR20PORMIN-MIN,"Minnesota Timberwolves",TIERED_CLASSIC,SELL_ALL,,15,43,645,-817,"Classic universal tail stop: 15¢ <= 15¢ (-56% from avg 34¢)",2,245,44,61,19.5,0.3035,0.1535,0.705882352941177,1277907,OFFENSIVE
145,1e10b489-5a9,"2026-03-21 01:05:26.117728",e00589c9-bc7,401810875,KXNBAGAME-26MAR20PORMIN-MIN,"Minnesota Timberwolves",CONSERVATIVE,SELL_ALL,,17,56,952,-448,"Stop loss: -32% after 12min, deficit still 17.5",2,94,53,68,17.5,0.18,0.00999999999999998,0.666666666666667,1258137,OFFENSIVE
146,d0cae976-b42,"2026-03-21 01:16:56.465184",6ffee6fd-37f,401810876,KXNBAGAME-26MAR20TORDEN-DEN,"Denver Nuggets",PULSE,BUY,1,60,23,1380,,"Pulse entry: spread=7.5, deficit=14.5, price_drop=15%, price=60¢, Q1 9:04",1,544,2,9,14.5,0.61,0.01,0.154929577464789,1103387,OFFENSIVE
147,00012894-801,"2026-03-21 01:23:10.147085",a75a3cd2-7ac,401810875,KXNBAGAME-26MAR20PORMIN-MIN,"Minnesota Timberwolves",TIERED_HOLD,BUY,2,28,15,420,,"Tiered Entry 2: price dropped 18% since Entry 1, deficit=11.5, price=28¢, Q3 11:39",3,699,59,68,11.5,0.3,0.02,0.450980392156863,50884,OFFENSIVE
148,48192c38-0a1,"2026-03-21 01:25:56.801697",6ffee6fd-37f,401810876,KXNBAGAME-26MAR20TORDEN-DEN,"Denver Nuggets",PULSE,SELL_PARTIAL,,68,13,884,104,"Pulse TP1: +13% (sell 60%)",1,288,13,15,9.5,0.65,-0.03,0.0422535211267606,1103688,OFFENSIVE
149,ce24a715-2df,"2026-03-21 02:03:28.035095",6ffee6fd-37f,401810876,KXNBAGAME-26MAR20TORDEN-DEN,"Denver Nuggets",PULSE,SELL_ALL,,76,10,760,160,"Pulse TP2: +27% (sell remaining)",2,108,52,49,4.5,0.73,-0.03,0.0,1094835,OFFENSIVE
150,1529730f-897,"2026-03-21 02:32:42.352609",660b3f98-0b8,401810875,KXNBAGAME-26MAR20PORMIN-MIN,"Minnesota Timberwolves",CONSERVATIVE_HOLD,SETTLED_LOSS,,0,0,0,-975,"Game settled - team lost",0,0,0,0,0.0,,,,0,OFFENSIVE
151,88297726-449,"2026-03-21 02:32:42.365852",a75a3cd2-7ac,401810875,KXNBAGAME-26MAR20PORMIN-MIN,"Minnesota Timberwolves",TIERED_HOLD,SETTLED_LOSS,,0,0,0,-896,"Game settled - team lost",0,0,0,0,0.0,,,,0,OFFENSIVE
152,3a255010-313,"2026-03-21 02:32:42.367611",e000151f-8d7,401810875,KXNBAGAME-26MAR20PORMIN-MIN,"Minnesota Timberwolves",TIERED_CLASSIC_HOLD,SETTLED_LOSS,,0,0,0,-782,"Game settled - team lost",0,0,0,0,0.0,,,,0,OFFENSIVE
153,a00ba792-723,"2026-03-21 23:47:34.991881",241c7e4a-550,401810879,KXNBAGAME-26MAR21LALORL-LAL,"Los Angeles Lakers",PULSE,BUY,1,54,26,1404,,"Pulse entry: spread=2.5, deficit=6.5, price_drop=11%, price=54¢, Q2 8:20",2,500,43,39,6.5,0.42,0.0399999999999999,0.114754098360656,21247,OFFENSIVE
154,c5fe17ff-9ac,"2026-03-21 23:52:05.017240",241c7e4a-550,401810879,KXNBAGAME-26MAR21LALORL-LAL,"Los Angeles Lakers",PULSE,SELL_PARTIAL,,61,15,915,105,"Pulse TP1: +13% (sell 60%)",2,416,45,41,6.5,0.46,-0.07,0.0,22197,OFFENSIVE
155,66f4fc56-985,"2026-03-22 00:02:21.896133",daf3897e-22c,401810880,KXNBAGAME-26MAR21CLENOP-CLE,"Cleveland Cavaliers",PULSE,BUY,1,58,23,1334,,"Pulse entry: spread=4.5, deficit=7.5, price_drop=11%, price=58¢, Q2 0:00",2,0,56,53,7.5,0.3571,0.0629000000000001,0.107692307692308,1139561,OFFENSIVE
156,3da3c4fa-f61,"2026-03-22 00:20:32.036551",2f9f2644-14b,401810882,KXNBAGAME-26MAR21MIAHOU-HOU,"Houston Rockets",PULSE,BUY,1,50,23,1150,,"Pulse entry: spread=1.5, deficit=8.5, price_drop=14%, price=50¢, Q1 7:00",1,420,11,18,8.5,0.5598,0.0598,0.137931034482759,1420317,OFFENSIVE
157,14f467dc-05f,"2026-03-22 00:24:55.764701",2f9f2644-14b,401810882,KXNBAGAME-26MAR21MIAHOU-HOU,"Houston Rockets",PULSE,SELL_ALL,,44,23,1012,-138,"Pulse stop: -12% after 4min",1,340,11,21,11.5,0.5564,0.1164,0.241379310344828,1420317,OFFENSIVE
158,ee8a89e8-564,"2026-03-22 00:25:13.299384",daf3897e-22c,401810880,KXNBAGAME-26MAR21CLENOP-CLE,"Cleveland Cavaliers",PULSE,SELL_ALL,,50,23,1150,-184,"Pulse stop: -14% after 23min",3,546,64,59,9.5,0.448,0.052,0.230769230769231,1139044,OFFENSIVE
159,9893ce17-bee,"2026-03-22 00:25:13.310163",91b1b2a8-ccc,401810882,KXNBAGAME-26MAR21MIAHOU-HOU,"Houston Rockets",TIERED_CLASSIC,BUY,1,39,35,1365,,"Tiered Classic Entry 1: spread=1.5, deficit=11.5, price_drop=33%, price=39¢, Q1 5:21",1,321,11,21,11.5,0.5564,0.1664,0.327586206896552,1420317,OFFENSIVE
160,45319364-500,"2026-03-22 00:25:13.315793",2e7f28d1-8b7,401810882,KXNBAGAME-26MAR21MIAHOU-HOU,"Houston Rockets",TIERED_CLASSIC_HOLD,BUY,1,39,18,702,,"Tiered Classic Entry 1: spread=1.5, deficit=11.5, price_drop=33%, price=39¢, Q1 5:21",1,321,11,21,11.5,0.5564,0.1664,0.327586206896552,1420317,OFFENSIVE
161,4df442c7-268,"2026-03-22 00:30:18.470543",241c7e4a-550,401810879,KXNBAGAME-26MAR21LALORL-LAL,"Los Angeles Lakers",PULSE,SELL_ALL,,69,11,759,165,"Pulse TP2: +28% (sell remaining)",3,580,65,66,1.5,0.4494,-0.1394,0.0,910819,OFFENSIVE
162,2605538f-197,"2026-03-22 00:37:55.775255",91b1b2a8-ccc,401810882,KXNBAGAME-26MAR21MIAHOU-HOU,"Houston Rockets",TIERED_CLASSIC,SELL_PARTIAL,,59,17,1003,340,"Capital recovery: 1.5x (sell 50%)",1,0,29,29,1.5,0.5,-0.09,0.0,1450392,OFFENSIVE
163,c862100e-1e8,"2026-03-22 00:48:32.064224",0d8a3927-ed1,401810881,KXNBAGAME-26MAR21GSWATL-ATL,"Atlanta Hawks",PULSE,BUY,1,60,23,1380,,"Pulse entry: spread=10.5, deficit=15.5, price_drop=20%, price=60¢, Q2 7:23",2,443,40,45,15.5,0.6431,0.0431,0.2,1207787,OFFENSIVE
164,ee2fcfaf-e09,"2026-03-22 01:02:21.955514",ecf286b0-7ea,401810884,KXNBAGAME-26MAR21LACDAL-LAC,"LA Clippers",PULSE,BUY,1,60,20,1200,,"Pulse entry: spread=7.5, deficit=13.5, price_drop=17%, price=60¢, Q1 1:07",1,67,34,28,13.5,0.36,0.04,0.166666666666667,1243122,OFFENSIVE
165,618ab182-42b,"2026-03-22 01:07:53.395636",0d8a3927-ed1,401810881,KXNBAGAME-26MAR21GSWATL-ATL,"Atlanta Hawks",PULSE,SELL_PARTIAL,,68,13,884,104,"Pulse TP1: +13% (sell 60%)",2,148,53,54,11.5,0.68,0.0,0.0933333333333333,22920,OFFENSIVE
166,6eaf33d4-04d,"2026-03-22 01:10:22.324459",ecf286b0-7ea,401810884,KXNBAGAME-26MAR21LACDAL-LAC,"LA Clippers",PULSE,SELL_PARTIAL,,68,12,816,96,"Pulse TP1: +13% (sell 60%)",2,634,43,40,10.5,0.35,-0.03,0.0555555555555556,1243148,OFFENSIVE
167,5a816767-bc2,"2026-03-22 01:15:26.467343",ecf286b0-7ea,401810884,KXNBAGAME-26MAR21LACDAL-LAC,"LA Clippers",PULSE,SELL_ALL,,52,8,416,-64,"Pulse stop: -13% after 13min",2,482,52,42,17.5,0.48,0.0,0.277777777777778,1243148,OFFENSIVE
168,af9500b8-2b9,"2026-03-22 01:31:35.118409",0d8a3927-ed1,401810881,KXNBAGAME-26MAR21GSWATL-ATL,"Atlanta Hawks",PULSE,SELL_ALL,,76,10,760,160,"Pulse TP2: +27% (sell remaining)",3,680,65,61,6.5,0.72,-0.04,0.0,24648,OFFENSIVE
169,0a386a35-cad,"2026-03-22 01:50:05.671542",91b1b2a8-ccc,401810882,KXNBAGAME-26MAR21MIAHOU-HOU,"Houston Rockets",TIERED_CLASSIC,SELL_ALL,,33,18,594,-108,"Trailing stop: 54% from peak of 71¢",3,72,87,94,8.5,0.38,0.05,0.535211267605634,25826,NEUTRAL
170,2fe2589c-d7c,"2026-03-22 02:27:36.741926",2e7f28d1-8b7,401810882,KXNBAGAME-26MAR21MIAHOU-HOU,"Houston Rockets",TIERED_CLASSIC_HOLD,SETTLED_WIN,,100,0,1800,1098,"Game settled - team won",0,0,0,0,0.0,,,,0,OFFENSIVE
171,50b32563-df1,"2026-03-22 02:42:54.604176",7a9bc1ef-d5a,401810885,KXNBAGAME-26MAR21PHIUTA-PHI,"Philadelphia 76ers",PULSE,BUY,1,58,24,1392,,"Pulse entry: spread=5.5, deficit=7.5, price_drop=17%, price=58¢, Q2 1:16",2,76,64,62,7.5,0.38,0.04,0.171428571428571,954510,OFFENSIVE
172,b978f0f1-3f2,"2026-03-22 02:46:55.577084",7a9bc1ef-d5a,401810885,KXNBAGAME-26MAR21PHIUTA-PHI,"Philadelphia 76ers",PULSE,SELL_ALL,,51,24,1224,-168,"Pulse stop: -12% after 4min",2,0,70,64,11.5,0.49,0.0,0.271428571428571,26091,OFFENSIVE
173,eae21c71-0ec,"2026-03-22 03:01:37.749009",4dcc698a-ada,401810886,KXNBAGAME-26MAR21MILPHX-PHX,"Phoenix Suns",PULSE,BUY,1,60,23,1380,,"Pulse entry: spread=11.5, deficit=19.5, price_drop=29%, price=60¢, Q2 2:57",2,177,44,52,19.5,0.71,0.11,0.285714285714286,818321,OFFENSIVE
174,e3198020-140,"2026-03-22 03:24:08.203688",4dcc698a-ada,401810886,KXNBAGAME-26MAR21MILPHX-PHX,"Phoenix Suns",PULSE,SELL_PARTIAL,,70,13,910,130,"Pulse TP1: +17% (sell 60%)",3,666,56,60,15.5,0.61,-0.09,0.166666666666667,26722,OFFENSIVE
175,3ae5828e-73e,"2026-03-22 03:25:56.453023",4dcc698a-ada,401810886,KXNBAGAME-26MAR21MILPHX-PHX,"Phoenix Suns",PULSE,SELL_ALL,,77,10,770,170,"Pulse TP2: +28% (sell remaining)",3,589,63,62,10.5,0.77,0.0,0.0833333333333333,27022,OFFENSIVE
176,41d17428-cc7,"2026-03-22 22:27:07.961418",b645601b-23e,401810888,KXNBAGAME-26MAR22BKNSAC-SAC,"Sacramento Kings",PULSE,BUY,1,60,24,1440,,"Pulse entry: spread=6.5, deficit=12.5, price_drop=14%, price=60¢, Q1 3:26",1,206,16,22,12.5,0.64,0.04,0.142857142857143,1241739,OFFENSIVE
177,aedf88a9-718,"2026-03-22 22:40:12.571329",b645601b-23e,401810888,KXNBAGAME-26MAR22BKNSAC-SAC,"Sacramento Kings",PULSE,SELL_PARTIAL,,69,14,966,126,"Pulse TP1: +15% (sell 60%)",2,601,34,36,8.5,0.69,0.0,0.0142857142857143,1241739,OFFENSIVE
178,e3e1561e-8f3,"2026-03-22 23:26:40.337835",b645601b-23e,401810888,KXNBAGAME-26MAR22BKNSAC-SAC,"Sacramento Kings",PULSE,SELL_ALL,,52,10,520,-80,"Pulse stop: -13% after 60min",3,502,65,71,12.5,0.52,0.0,0.257142857142857,82484,OFFENSIVE
179,8de6f85b-b61,"2026-03-23 01:15:15.368033",d0971895-59d,401810891,KXNBAGAME-26MAR22TORPHX-TOR,"Toronto Raptors",PULSE,BUY,1,52,28,1456,,"Pulse entry: spread=2.5, deficit=10.5, price_drop=17%, price=52¢, Q1 9:45",1,585,8,0,10.5,0.3826,0.0973999999999999,0.174603174603175,1236995,OFFENSIVE
180,8cee620d-380,"2026-03-23 01:24:52.832873",d0971895-59d,401810891,KXNBAGAME-26MAR22TORPHX-TOR,"Toronto Raptors",PULSE,SELL_ALL,,45,28,1260,-196,"Pulse stop: -13% after 10min",1,426,13,4,11.5,0.52,0.03,0.285714285714286,1238000,OFFENSIVE
181,2600e37f-4ff,"2026-03-23 01:35:23.209076",48eedea9-451,401810891,KXNBAGAME-26MAR22TORPHX-TOR,"Toronto Raptors",TIERED_CLASSIC,BUY,1,39,36,1404,,"Tiered Classic Entry 1: spread=2.5, deficit=15.5, price_drop=38%, price=39¢, Q1 2:56",1,176,25,12,15.5,0.57,0.04,0.380952380952381,1238062,OFFENSIVE
182,add29137-cfb,"2026-03-23 01:35:23.222332",ffcfbbeb-bf4,401810891,KXNBAGAME-26MAR22TORPHX-TOR,"Toronto Raptors",TIERED_CLASSIC_HOLD,BUY,1,39,21,819,,"Tiered Classic Entry 1: spread=2.5, deficit=15.5, price_drop=38%, price=39¢, Q1 2:56",1,176,25,12,15.5,0.57,0.04,0.380952380952381,1238062,OFFENSIVE
183,efc0809e-b0d,"2026-03-23 01:36:53.214477",b983f742-054,401810891,KXNBAGAME-26MAR22TORPHX-TOR,"Toronto Raptors",TIERED,BUY,1,34,26,884,,"Tiered Entry 1 (close-spread scalp): spread=2.5, deficit=16.5, price_drop=46%, price=34¢, Q1 2:45",1,165,26,12,16.5,0.63,0.03,0.46031746031746,1238027,OFFENSIVE
184,6195def2-b54,"2026-03-23 01:36:53.225263",05ccd323-0a6,401810891,KXNBAGAME-26MAR22TORPHX-TOR,"Toronto Raptors",TIERED_HOLD,BUY,1,34,11,374,,"Tiered Entry 1 (close-spread scalp): spread=2.5, deficit=16.5, price_drop=46%, price=34¢, Q1 2:45",1,165,26,12,16.5,0.63,0.03,0.46031746031746,1238027,OFFENSIVE
185,8b693d71-2ae,"2026-03-23 01:37:40.248286",48eedea9-451,401810891,KXNBAGAME-26MAR22TORPHX-TOR,"Toronto Raptors",TIERED_CLASSIC,BUY,2,28,44,1232,,"Tiered Classic Entry 2: price dropped 28% since Entry 1, deficit=16.5, price=28¢, Q1 1:54",1,114,28,14,16.5,0.72,0.0,0.555555555555556,1238062,OFFENSIVE
186,6012eb7a-55a,"2026-03-23 01:37:40.263791",ffcfbbeb-bf4,401810891,KXNBAGAME-26MAR22TORPHX-TOR,"Toronto Raptors",TIERED_CLASSIC_HOLD,BUY,2,28,26,728,,"Tiered Classic Entry 2: price dropped 28% since Entry 1, deficit=16.5, price=28¢, Q1 1:54",1,114,28,14,16.5,0.72,0.0,0.555555555555556,1238062,OFFENSIVE
187,4fe2aa8f-23a,"2026-03-23 01:46:43.591627",b983f742-054,401810891,KXNBAGAME-26MAR22TORPHX-TOR,"Toronto Raptors",TIERED,SELL_ALL,,25,26,650,-234,"Close-spread scalp stop: 25¢ <= 26¢ (-26% from avg 34¢)",2,606,40,25,17.5,0.75,0.0,0.603174603174603,1238062,OFFENSIVE
188,e4f0b8d0-5d2,"2026-03-23 01:46:43.604036",05ccd323-0a6,401810891,KXNBAGAME-26MAR22TORPHX-TOR,"Toronto Raptors",TIERED_HOLD,BUY,2,25,13,325,,"Tiered Entry 2: price dropped 26% since Entry 1, deficit=17.5, price=25¢, Q2 10:06",2,606,40,25,17.5,0.75,0.0,0.603174603174603,1238062,OFFENSIVE
189,c5726f03-14e,"2026-03-23 01:53:57.907441",48eedea9-451,401810891,KXNBAGAME-26MAR22TORPHX-TOR,"Toronto Raptors",TIERED_CLASSIC,SELL_PARTIAL,,50,40,2000,682,"Capital recovery: 1.5x (sell 50%)",2,456,43,37,8.5,0.58,-0.08,0.206349206349206,1238062,OFFENSIVE
190,b9b71fd8-fe2,"2026-03-23 02:06:11.003116",48eedea9-451,401810891,KXNBAGAME-26MAR22TORPHX-TOR,"Toronto Raptors",TIERED_CLASSIC,SELL_ALL,,24,40,960,-358,"Trailing stop: 52% from peak of 50¢",2,118,57,44,15.5,0.76,0.0,0.619047619047619,1238668,OFFENSIVE
191,ef0fab4a-8c3,"2026-03-23 02:09:23.941824",5267c754-c39,401810890,KXNBAGAME-26MAR22MINBOS-BOS,"Boston Celtics",PULSE,BUY,1,10,144,1440,,"Pulse entry: spread=9.5, deficit=21.5, price_drop=88%, price=10¢, Q3 11:22",3,682,81,93,21.5,0.7841,0.6841,0.875,24813,OFFENSIVE
192,c2bee5e0-759,"2026-03-23 02:13:24.034126",5267c754-c39,401810890,KXNBAGAME-26MAR22MINBOS-BOS,"Boston Celtics",PULSE,SELL_ALL,,4,144,576,-864,"Pulse stop: -60% after 4min",4,253,84,97,22.5,0.7841,0.7441,0.95,54813,OFFENSIVE
193,c35f2993-c27,"2026-03-23 03:18:59.772115",05ccd323-0a6,401810891,KXNBAGAME-26MAR22TORPHX-TOR,"Toronto Raptors",TIERED_HOLD,SETTLED_LOSS,,0,0,0,-699,"Game settled - team lost",0,0,0,0,0.0,,,,0,OFFENSIVE
194,a67cdff4-d22,"2026-03-23 03:18:59.786398",ffcfbbeb-bf4,401810891,KXNBAGAME-26MAR22TORPHX-TOR,"Toronto Raptors",TIERED_CLASSIC_HOLD,SETTLED_LOSS,,0,0,0,-1547,"Game settled - team lost",0,0,0,0,0.0,,,,0,OFFENSIVE
195,ec3007a6-1c7,"2026-03-23 23:53:43.723101",07d669d6-e2b,401810893,KXNBAGAME-26MAR23LALDET-LAL,"Los Angeles Lakers",PULSE,BUY,1,47,28,1316,,"Pulse entry: spread=2.5, deficit=6.5, price_drop=11%, price=47¢, Q2 7:24",2,444,39,35,6.5,0.52,0.01,0.113207547169811,2099283,OFFENSIVE
196,8049b464-46e,"2026-03-24 00:04:48.956826",07d669d6-e2b,401810893,KXNBAGAME-26MAR23LALDET-LAL,"Los Angeles Lakers",PULSE,SELL_ALL,,40,28,1120,-196,"Pulse stop: -15% after 11min",2,226,50,43,9.5,0.5527,0.0473,0.245283018867925,2099350,OFFENSIVE
197,ce46cf9f-e9d,"2026-03-24 00:05:12.153446",61ef2e95-6ee,401810893,KXNBAGAME-26MAR23LALDET-LAL,"Los Angeles Lakers",TIERED,BUY,1,35,24,840,,"Tiered Entry 1 (close-spread scalp): spread=2.5, deficit=12.5, price_drop=34%, price=35¢, Q2 3:25",2,205,53,43,12.5,0.5527,0.0973,0.339622641509434,2099350,OFFENSIVE
198,65aa24bc-f63,"2026-03-24 00:05:12.166541",4f507de8-eba,401810893,KXNBAGAME-26MAR23LALDET-LAL,"Los Angeles Lakers",TIERED_CLASSIC,BUY,1,35,41,1435,,"Tiered Classic Entry 1: spread=2.5, deficit=12.5, price_drop=34%, price=35¢, Q2 3:25",2,205,53,43,12.5,0.5527,0.0973,0.339622641509434,2099350,OFFENSIVE
199,a106f823-c47,"2026-03-24 00:05:12.175470",c858a1df-586,401810893,KXNBAGAME-26MAR23LALDET-LAL,"Los Angeles Lakers",TIERED_HOLD,BUY,1,35,8,280,,"Tiered Entry 1 (close-spread scalp): spread=2.5, deficit=12.5, price_drop=34%, price=35¢, Q2 3:25",2,205,53,43,12.5,0.5527,0.0973,0.339622641509434,2099350,OFFENSIVE
200,1fd789f9-12c,"2026-03-24 00:05:12.182945",f86f0900-3ea,401810893,KXNBAGAME-26MAR23LALDET-LAL,"Los Angeles Lakers",TIERED_CLASSIC_HOLD,BUY,1,35,19,665,,"Tiered Classic Entry 1: spread=2.5, deficit=12.5, price_drop=34%, price=35¢, Q2 3:25",2,205,53,43,12.5,0.5527,0.0973,0.339622641509434,2099350,OFFENSIVE
201,d67d5acf-75c,"2026-03-24 00:10:51.962630",61ef2e95-6ee,401810893,KXNBAGAME-26MAR23LALDET-LAL,"Los Angeles Lakers",TIERED,SELL_ALL,,26,24,624,-216,"Close-spread scalp stop: 26¢ <= 26¢ (-26% from avg 35¢)",2,0,63,49,16.5,0.6379,0.1021,0.509433962264151,2022886,OFFENSIVE
202,4f2ffb92-39a,"2026-03-24 00:21:49.932320",1030dd7d-c32,401810897,KXNBAGAME-26MAR23HOUCHI-HOU,"Houston Rockets",PULSE,BUY,1,59,22,1298,,"Pulse entry: spread=8.5, deficit=21.5, price_drop=25%, price=59¢, Q1 6:38",1,398,19,6,21.5,0.3501,0.0599000000000001,0.253164556962025,933623,OFFENSIVE
203,88d639ef-e90,"2026-03-24 00:29:14.153917",c858a1df-586,401810893,KXNBAGAME-26MAR23LALDET-LAL,"Los Angeles Lakers",TIERED_HOLD,BUY,2,21,12,252,,"Tiered Entry 2: price dropped 40% since Entry 1, deficit=18.5, price=21¢, Q3 11:43",3,703,68,52,18.5,0.745,0.045,0.60377358490566,1384173,OFFENSIVE
204,a63f560b-085,"2026-03-24 00:34:58.836857",1030dd7d-c32,401810897,KXNBAGAME-26MAR23HOUCHI-HOU,"Houston Rockets",PULSE,SELL_ALL,,51,22,1122,-176,"Pulse stop: -14% after 13min",1,101,34,21,21.5,0.4456,0.0444,0.354430379746835,933935,OFFENSIVE
205,5b038839-8f2,"2026-03-24 00:38:30.069818",e85977f7-3cc,401810897,KXNBAGAME-26MAR23HOUCHI-HOU,"Houston Rockets",CONSERVATIVE,BUY,1,34,39,1326,,"Conservative entry: edge=21.4% (min 8.0%), deficit_vs_spread=26.5, price=34¢, fair_value=0.446, Q1 0:00",1,0,39,21,26.5,0.4456,0.2144,0.569620253164557,1153318,OFFENSIVE
206,59f37bf4-85d,"2026-03-24 00:38:30.078715",3e97606e-b2a,401810897,KXNBAGAME-26MAR23HOUCHI-HOU,"Houston Rockets",CONSERVATIVE_HOLD,BUY,1,34,24,816,,"Conservative entry: edge=21.4% (min 8.0%), deficit_vs_spread=26.5, price=34¢, fair_value=0.446, Q1 0:00",1,0,39,21,26.5,0.4456,0.2144,0.569620253164557,1153318,OFFENSIVE
207,2e4d65cf-6a7,"2026-03-24 00:49:50.944106",4f507de8-eba,401810893,KXNBAGAME-26MAR23LALDET-LAL,"Los Angeles Lakers",TIERED_CLASSIC,SELL_PARTIAL,,55,20,1100,400,"Capital recovery: 1.6x (sell 50%)",3,0,87,87,2.5,0.6334,-0.1834,0.0,1795259,NEUTRAL
208,d3daf3e4-b5d,"2026-03-24 00:54:44.942572",e85977f7-3cc,401810897,KXNBAGAME-26MAR23HOUCHI-HOU,"Houston Rockets",CONSERVATIVE,SELL_PARTIAL,,45,19,855,209,"TP1: +32% (sell 50%)",2,370,48,34,22.5,0.6515,-0.1015,0.430379746835443,1183383,OFFENSIVE
209,9cbfc525-cb5,"2026-03-24 01:00:15.019785",e85977f7-3cc,401810897,KXNBAGAME-26MAR23HOUCHI-HOU,"Houston Rockets",CONSERVATIVE,SELL_ALL,,23,20,460,-220,"Stop loss: -32% after 22min, deficit still 30.5",2,241,58,36,30.5,0.75,0.02,0.708860759493671,1183402,OFFENSIVE
210,948a52eb-bed,"2026-03-24 01:09:15.138415",4f507de8-eba,401810893,KXNBAGAME-26MAR23LALDET-LAL,"Los Angeles Lakers",TIERED_CLASSIC,SELL_ALL,,25,21,525,-210,"Trailing stop: 55% from peak of 55¢",4,400,99,94,7.5,0.7,0.05,0.528301886792453,1311202,NEUTRAL
211,cf04bbe7-55e,"2026-03-24 01:33:28.276283",c858a1df-586,401810893,KXNBAGAME-26MAR23LALDET-LAL,"Los Angeles Lakers",TIERED_HOLD,SETTLED_LOSS,,0,0,0,-532,"Game settled - team lost",0,0,0,0,0.0,,,,0,OFFENSIVE
212,b6f96b4b-7a2,"2026-03-24 01:33:28.286297",f86f0900-3ea,401810893,KXNBAGAME-26MAR23LALDET-LAL,"Los Angeles Lakers",TIERED_CLASSIC_HOLD,SETTLED_LOSS,,0,0,0,-665,"Game settled - team lost",0,0,0,0,0.0,,,,0,OFFENSIVE
213,c4f0404c-8e7,"2026-03-24 01:47:16.095588",68d4916a-3d7,401810899,KXNBAGAME-26MAR23GSWDAL-GSW,"Golden State Warriors",PULSE,BUY,1,49,26,1274,,"Pulse entry: spread=2.5, deficit=7.5, price_drop=14%, price=49¢, Q1 8:16",1,496,10,5,7.5,0.45,0.0600000000000001,0.140350877192982,1352838,OFFENSIVE
214,f36da205-692,"2026-03-24 01:49:16.175205",68d4916a-3d7,401810899,KXNBAGAME-26MAR23GSWDAL-GSW,"Golden State Warriors",PULSE,SELL_PARTIAL,,58,15,870,135,"Pulse TP1: +18% (sell 60%)",1,413,12,11,3.5,0.55,-0.13,0.0,1352838,OFFENSIVE
215,7eba7edc-fec,"2026-03-24 02:04:32.360084",68d4916a-3d7,401810899,KXNBAGAME-26MAR23GSWDAL-GSW,"Golden State Warriors",PULSE,SELL_ALL,,63,11,693,154,"Pulse TP2: +29% (sell remaining)",1,85,25,30,0.0,0.37,0.0,0.0,1392838,OFFENSIVE
216,0fa1d70d-1a8,"2026-03-24 02:28:17.162202",4672fbc8-ac3,401810899,KXNBAGAME-26MAR23GSWDAL-GSW,"Golden State Warriors",TIERED_CLASSIC,BUY,1,40,37,1480,,"Tiered Classic Entry 1: spread=2.5, deficit=10.5, price_drop=30%, price=40¢, Q2 6:22",2,382,56,48,10.5,0.6,0.0,0.298245614035088,1363109,OFFENSIVE
217,bb759065-d4e,"2026-03-24 02:28:17.176074",3eac3165-c40,401810899,KXNBAGAME-26MAR23GSWDAL-GSW,"Golden State Warriors",TIERED_CLASSIC_HOLD,BUY,1,40,14,560,,"Tiered Classic Entry 1: spread=2.5, deficit=10.5, price_drop=30%, price=40¢, Q2 6:22",2,382,56,48,10.5,0.6,0.0,0.298245614035088,1363109,OFFENSIVE
218,4430e7fc-7c8,"2026-03-24 02:32:17.215679",3e97606e-b2a,401810897,KXNBAGAME-26MAR23HOUCHI-HOU,"Houston Rockets",CONSERVATIVE_HOLD,SETTLED_LOSS,,0,0,0,-816,"Game settled - team lost",0,0,0,0,0.0,,,,0,OFFENSIVE
219,bbe29620-f62,"2026-03-24 02:33:47.346709",155ecfb3-4d7,401810899,KXNBAGAME-26MAR23GSWDAL-GSW,"Golden State Warriors",TIERED,BUY,1,34,24,816,,"Tiered Entry 1 (close-spread scalp): spread=2.5, deficit=12.5, price_drop=40%, price=34¢, Q2 4:15",2,255,62,52,12.5,0.63,0.03,0.403508771929825,1423109,OFFENSIVE
220,80c341ef-cfa,"2026-03-24 02:33:47.358798",209040d6-02d,401810899,KXNBAGAME-26MAR23GSWDAL-GSW,"Golden State Warriors",TIERED_HOLD,BUY,1,34,7,238,,"Tiered Entry 1 (close-spread scalp): spread=2.5, deficit=12.5, price_drop=40%, price=34¢, Q2 4:15",2,255,62,52,12.5,0.63,0.03,0.403508771929825,1423109,OFFENSIVE
221,24e94edf-d16,"2026-03-24 02:36:17.302890",155ecfb3-4d7,401810899,KXNBAGAME-26MAR23GSWDAL-GSW,"Golden State Warriors",TIERED,SELL_ALL,,24,24,576,-240,"Close-spread scalp stop: 24¢ <= 26¢ (-29% from avg 34¢)",2,204,65,52,15.5,0.73,0.03,0.578947368421053,1393109,OFFENSIVE
222,01a6dfaf-db3,"2026-03-24 03:02:00.514786",209040d6-02d,401810899,KXNBAGAME-26MAR23GSWDAL-GSW,"Golden State Warriors",TIERED_HOLD,BUY,2,26,8,208,,"Tiered Entry 2: price dropped 24% since Entry 1, deficit=14.5, price=26¢, Q3 11:43",3,703,75,63,14.5,0.69,0.05,0.543859649122807,1819510,OFFENSIVE
223,d2da1523-dee,"2026-03-24 03:31:48.718884",4672fbc8-ac3,401810899,KXNBAGAME-26MAR23GSWDAL-GSW,"Golden State Warriors",TIERED_CLASSIC,SELL_PARTIAL,,64,18,1152,432,"Capital recovery: 1.6x (sell 50%)",4,720,98,98,2.5,0.45,-0.09,0.0,2313167,NEUTRAL
224,68b3099e-e73,"2026-03-24 03:34:01.213203",4672fbc8-ac3,401810899,KXNBAGAME-26MAR23GSWDAL-GSW,"Golden State Warriors",TIERED_CLASSIC,SELL_PARTIAL,,84,4,336,176,"House money 1: 2.1x",4,663,98,104,0.0,0.24,-0.08,0.0,1214592,NEUTRAL
225,25c73610-1a7,"2026-03-24 03:35:01.229215",4672fbc8-ac3,401810899,KXNBAGAME-26MAR23GSWDAL-GSW,"Golden State Warriors",TIERED_CLASSIC,SELL_PARTIAL,,90,3,270,150,"House money 2: 2.2x",4,663,98,107,0.0,0.15,-0.05,0.0,738646,NEUTRAL
226,080c94f2-f12,"2026-03-24 03:58:32.529020",4672fbc8-ac3,401810899,KXNBAGAME-26MAR23GSWDAL-GSW,"Golden State Warriors",TIERED_CLASSIC,SELL_PARTIAL,,80,7,560,280,"Late game lock: 80¢ with 166s left",4,166,121,124,0.0,0.2,0.0,0.0,813631,NEUTRAL
227,5184717e-749,"2026-03-24 03:58:49.451603",4672fbc8-ac3,401810899,KXNBAGAME-26MAR23GSWDAL-GSW,"Golden State Warriors",TIERED_CLASSIC,SELL_PARTIAL,,83,3,249,129,"Late game lock: 83¢ with 143s left",4,143,121,124,0.0,0.2,-0.0299999999999999,0.0,763421,NEUTRAL
228,5ebfe4b9-c09,"2026-03-24 03:59:01.813014",4672fbc8-ac3,401810899,KXNBAGAME-26MAR23GSWDAL-GSW,"Golden State Warriors",TIERED_CLASSIC,SELL_PARTIAL,,83,1,83,43,"Late game lock: 83¢ with 143s left",4,143,121,124,0.0,0.2,-0.0299999999999999,0.0,763421,NEUTRAL
229,aaea90a7-8db,"2026-03-24 04:00:12.671070",4672fbc8-ac3,401810899,KXNBAGAME-26MAR23GSWDAL-GSW,"Golden State Warriors",TIERED_CLASSIC,SELL_ALL,,83,1,83,43,"Late game lock: 83¢ with 115s left",4,115,121,125,0.0,0.17,0.0,0.0,469282,NEUTRAL
230,4e6321e4-dac,"2026-03-24 04:34:02.708985",209040d6-02d,401810899,KXNBAGAME-26MAR23GSWDAL-GSW,"Golden State Warriors",TIERED_HOLD,SETTLED_WIN,,100,0,1500,1054,"Game settled - team won",0,0,0,0,0.0,,,,0,OFFENSIVE
231,260e81e2-bfa,"2026-03-24 04:34:02.724274",3eac3165-c40,401810899,KXNBAGAME-26MAR23GSWDAL-GSW,"Golden State Warriors",TIERED_CLASSIC_HOLD,SETTLED_WIN,,100,0,1400,840,"Game settled - team won",0,0,0,0,0.0,,,,0,OFFENSIVE
232,2fab303f-ffd,"2026-03-25 01:10:47.210189",810e85a3-dcd,401810903,KXNBAGAME-26MAR24NOPNYK-NYK,"New York Knicks",PULSE,BUY,1,59,22,1298,,"Pulse entry: spread=8.5, deficit=10.5, price_drop=24%, price=59¢, Q3 4:20",3,260,81,83,10.5,0.7626,0.1726,0.243589743589744,1432078,OFFENSIVE
233,d3ee46a5-6df,"2026-03-25 01:11:17.247379",810e85a3-dcd,401810903,KXNBAGAME-26MAR24NOPNYK-NYK,"New York Knicks",PULSE,SELL_PARTIAL,,67,13,871,104,"Pulse TP1: +14% (sell 60%)",3,234,81,83,10.5,0.7626,0.0925999999999999,0.141025641025641,1402078,OFFENSIVE
234,bc63d81b-e6f,"2026-03-25 01:17:34.778254",810e85a3-dcd,401810903,KXNBAGAME-26MAR24NOPNYK-NYK,"New York Knicks",PULSE,SELL_ALL,,75,9,675,144,"Pulse TP2: +27% (sell remaining)",3,82,89,89,8.5,0.625,-0.125,0.0384615384615385,1404101,OFFENSIVE
235,9d66e3de-513,"2026-03-25 03:20:46.403426",25c508f2-556,401810905,KXNBAGAME-26MAR24DENPHX-DEN,"Denver Nuggets",PULSE,BUY,1,60,22,1320,,"Pulse entry: spread=5.5, deficit=10.5, price_drop=13%, price=60¢, Q1 6:37",1,397,18,13,10.5,0.35,0.05,0.130434782608696,1585824,OFFENSIVE
236,c0478e54-c10,"2026-03-25 03:32:49.929511",25c508f2-556,401810905,KXNBAGAME-26MAR24DENPHX-DEN,"Denver Nuggets",PULSE,SELL_ALL,,52,22,1144,-176,"Pulse stop: -13% after 12min",1,217,27,19,13.5,0.42,0.0599999999999999,0.246376811594203,2517237,OFFENSIVE
237,8235d1f3-8dc,"2026-03-25 23:26:05.105600",86cefe98-9ce,401810906,KXNBAGAME-26MAR25ATLDET-DET,"Detroit Pistons",PULSE,BUY,1,52,25,1300,,"Pulse entry: spread=2.5, deficit=6.5, price_drop=10%, price=52¢, Q1 5:04",1,304,22,26,6.5,0.55,0.03,0.103448275862069,1843701,OFFENSIVE
238,08c3a567-b04,"2026-03-25 23:30:06.340800",86cefe98-9ce,401810906,KXNBAGAME-26MAR25ATLDET-DET,"Detroit Pistons",PULSE,SELL_ALL,,44,25,1100,-200,"Pulse stop: -15% after 4min",1,191,25,31,8.5,0.44,0.0,0.241379310344828,1843701,OFFENSIVE
239,14a4bdf4-9e5,"2026-03-25 23:36:30.822678",b0b307f7-84a,401810906,KXNBAGAME-26MAR25ATLDET-DET,"Detroit Pistons",TIERED_CLASSIC,BUY,1,40,40,1600,,"Tiered Classic Entry 1: spread=2.5, deficit=10.5, price_drop=31%, price=40¢, Q1 0:00",1,0,27,35,10.5,0.4,0.0,0.310344827586207,1843766,OFFENSIVE
240,3e1f31f6-9ba,"2026-03-25 23:36:30.834968",dd43be21-0de,401810906,KXNBAGAME-26MAR25ATLDET-DET,"Detroit Pistons",TIERED_CLASSIC_HOLD,BUY,1,40,17,680,,"Tiered Classic Entry 1: spread=2.5, deficit=10.5, price_drop=31%, price=40¢, Q1 0:00",1,0,27,35,10.5,0.4,0.0,0.310344827586207,1843766,OFFENSIVE
241,9a2749e9-499,"2026-03-25 23:44:17.356626",05578058-5ce,401810910,KXNBAGAME-26MAR25MIACLE-CLE,"Cleveland Cavaliers",PULSE,BUY,1,51,25,1275,,"Pulse entry: spread=2.5, deficit=7.5, price_drop=11%, price=51¢, Q1 10:13",1,613,0,5,7.5,0.56,0.05,0.105263157894737,1617935,OFFENSIVE
242,96338364-6a6,"2026-03-25 23:48:37.521306",05578058-5ce,401810910,KXNBAGAME-26MAR25MIACLE-CLE,"Cleveland Cavaliers",PULSE,SELL_ALL,,44,25,1100,-175,"Pulse stop: -14% after 4min",1,412,4,13,11.5,0.47,0.03,0.228070175438596,1648000,OFFENSIVE
243,0b1aa1bc-39b,"2026-03-25 23:54:17.283927",d5a3cec1-921,401810906,KXNBAGAME-26MAR25ATLDET-DET,"Detroit Pistons",TIERED,BUY,1,35,23,805,,"Tiered Entry 1 (close-spread scalp): spread=2.5, deficit=10.5, price_drop=40%, price=35¢, Q2 6:32",2,392,39,47,10.5,0.35,0.0,0.396551724137931,1843841,OFFENSIVE
244,d80b208d-3f2,"2026-03-25 23:54:17.298152",7243b5aa-c0b,401810906,KXNBAGAME-26MAR25ATLDET-DET,"Detroit Pistons",TIERED_HOLD,BUY,1,35,10,350,,"Tiered Entry 1 (close-spread scalp): spread=2.5, deficit=10.5, price_drop=40%, price=35¢, Q2 6:32",2,392,39,47,10.5,0.35,0.0,0.396551724137931,1843841,OFFENSIVE
245,e7fff2d1-1eb,"2026-03-25 23:57:49.364561",d5a3cec1-921,401810906,KXNBAGAME-26MAR25ATLDET-DET,"Detroit Pistons",TIERED,SELL_ALL,,23,23,529,-276,"Close-spread scalp stop: 23¢ <= 26¢ (-34% from avg 35¢)",2,308,39,51,14.5,0.27,0.04,0.603448275862069,1843841,OFFENSIVE
246,f12b815a-660,"2026-03-26 00:03:37.465067",b0b307f7-84a,401810906,KXNBAGAME-26MAR25ATLDET-DET,"Detroit Pistons",TIERED_CLASSIC,SELL_ALL,,17,40,680,-920,"Classic universal tail stop: 17¢ <= 18¢ (-57% from avg 40¢)",2,242,42,58,18.5,0.2105,0.0405,0.706896551724138,1857505,OFFENSIVE
247,a464a58c-1ec,"2026-03-26 00:12:14.094845",f82e6b25-1ed,401810910,KXNBAGAME-26MAR25MIACLE-CLE,"Cleveland Cavaliers",TIERED_CLASSIC,BUY,1,40,38,1520,,"Tiered Classic Entry 1: spread=2.5, deficit=12.5, price_drop=30%, price=40¢, Q2 10:46",2,646,21,31,12.5,0.4367,0.0367,0.298245614035088,1665241,OFFENSIVE
248,1b49fa7a-68b,"2026-03-26 00:12:14.103779",9b94cd56-a6b,401810910,KXNBAGAME-26MAR25MIACLE-CLE,"Cleveland Cavaliers",TIERED_CLASSIC_HOLD,BUY,1,40,15,600,,"Tiered Classic Entry 1: spread=2.5, deficit=12.5, price_drop=30%, price=40¢, Q2 10:46",2,646,21,31,12.5,0.4367,0.0367,0.298245614035088,1665241,OFFENSIVE
249,28b0a7af-ecc,"2026-03-26 00:13:15.140677",77ab8a3b-1aa,401810910,KXNBAGAME-26MAR25MIACLE-CLE,"Cleveland Cavaliers",TIERED,BUY,1,33,23,759,,"Tiered Entry 1 (close-spread scalp): spread=2.5, deficit=12.5, price_drop=42%, price=33¢, Q2 9:53",2,593,23,33,12.5,0.4367,0.1067,0.421052631578947,2088282,OFFENSIVE
250,286b900c-1d7,"2026-03-26 00:13:15.149223",49aec5f0-293,401810910,KXNBAGAME-26MAR25MIACLE-CLE,"Cleveland Cavaliers",TIERED_HOLD,BUY,1,33,9,297,,"Tiered Entry 1 (close-spread scalp): spread=2.5, deficit=12.5, price_drop=42%, price=33¢, Q2 9:53",2,593,23,33,12.5,0.4367,0.1067,0.421052631578947,2088282,OFFENSIVE
251,26f0cbed-a00,"2026-03-26 00:14:35.104331",3d888d8b-026,401810910,KXNBAGAME-26MAR25MIACLE-CLE,"Cleveland Cavaliers",CONSERVATIVE,BUY,1,28,48,1344,,"Conservative entry: edge=15.7% (min 13.0%), deficit_vs_spread=15.5, price=28¢, fair_value=0.437, Q2 9:08",2,548,25,38,15.5,0.4367,0.1567,0.508771929824561,2118282,OFFENSIVE
252,77bd1043-f55,"2026-03-26 00:14:35.115660",f82e6b25-1ed,401810910,KXNBAGAME-26MAR25MIACLE-CLE,"Cleveland Cavaliers",TIERED_CLASSIC,BUY,2,28,47,1316,,"Tiered Classic Entry 2: price dropped 30% since Entry 1, deficit=15.5, price=28¢, Q2 9:08",2,548,25,38,15.5,0.4367,0.1567,0.508771929824561,2118282,OFFENSIVE
253,a550f545-679,"2026-03-26 00:14:35.120570",3e7ef657-895,401810910,KXNBAGAME-26MAR25MIACLE-CLE,"Cleveland Cavaliers",CONSERVATIVE_HOLD,BUY,1,28,25,700,,"Conservative entry: edge=15.7% (min 13.0%), deficit_vs_spread=15.5, price=28¢, fair_value=0.437, Q2 9:08",2,548,25,38,15.5,0.4367,0.1567,0.508771929824561,2118282,OFFENSIVE
254,d487d872-a22,"2026-03-26 00:14:35.123979",9b94cd56-a6b,401810910,KXNBAGAME-26MAR25MIACLE-CLE,"Cleveland Cavaliers",TIERED_CLASSIC_HOLD,BUY,2,28,19,532,,"Tiered Classic Entry 2: price dropped 30% since Entry 1, deficit=15.5, price=28¢, Q2 9:08",2,548,25,38,15.5,0.4367,0.1567,0.508771929824561,2118282,OFFENSIVE
255,a4a6bcd1-6e7,"2026-03-26 00:16:19.490343",77ab8a3b-1aa,401810910,KXNBAGAME-26MAR25MIACLE-CLE,"Cleveland Cavaliers",TIERED,SELL_ALL,,23,23,529,-230,"Close-spread scalp stop: 23¢ <= 25¢ (-30% from avg 33¢)",2,526,25,40,17.5,0.4367,0.2067,0.596491228070175,1680158,OFFENSIVE
256,1413e062-e73,"2026-03-26 00:16:19.501071",49aec5f0-293,401810910,KXNBAGAME-26MAR25MIACLE-CLE,"Cleveland Cavaliers",TIERED_HOLD,BUY,2,23,12,276,,"Tiered Entry 2: price dropped 30% since Entry 1, deficit=17.5, price=23¢, Q2 8:46",2,526,25,40,17.5,0.4367,0.2067,0.596491228070175,1680158,OFFENSIVE
257,ac72913e-c64,"2026-03-26 00:24:30.225780",7243b5aa-c0b,401810906,KXNBAGAME-26MAR25ATLDET-DET,"Detroit Pistons",TIERED_HOLD,BUY,2,13,19,247,,"Tiered Entry 2: price dropped 63% since Entry 1, deficit=20.5, price=13¢, Q3 12:00",3,720,55,73,20.5,0.1308,0.000799999999999995,0.775862068965517,1490478,OFFENSIVE
258,22d0ff6e-5f7,"2026-03-26 00:26:45.310583",3d888d8b-026,401810910,KXNBAGAME-26MAR25MIACLE-CLE,"Cleveland Cavaliers",CONSERVATIVE,SELL_ALL,,18,48,864,-480,"Stop loss: -36% after 12min, deficit still 20.5",2,363,29,47,20.5,0.255,0.075,0.684210526315789,1663118,OFFENSIVE
259,d67709fe-229,"2026-03-26 00:28:54.434738",f82e6b25-1ed,401810910,KXNBAGAME-26MAR25MIACLE-CLE,"Cleveland Cavaliers",TIERED_CLASSIC,SELL_ALL,,15,85,1275,-1561,"Classic universal tail stop: 15¢ <= 15¢ (-55% from avg 33¢)",2,305,29,49,22.5,0.255,0.105,0.736842105263158,1663117,OFFENSIVE
260,de1c24b7-4d9,"2026-03-26 01:14:40.278622",bb382862-ca7,401810912,KXNBAGAME-26MAR25WASUTA-UTA,"Utah Jazz",PULSE,BUY,1,53,24,1272,,"Pulse entry: spread=4.5, deficit=7.5, price_drop=12%, price=53¢, Q1 10:01",1,601,3,6,7.5,0.53,0.0,0.116666666666667,1373855,OFFENSIVE
261,982b0183-6d0,"2026-03-26 01:16:01.070482",0a457ce4-9c7,401810909,KXNBAGAME-26MAR25OKCBOS-OKC,"Oklahoma City Thunder",PULSE,BUY,1,41,27,1107,,"Pulse entry: spread=2.5, deficit=6.5, price_drop=28%, price=41¢, Q3 1:18",3,78,84,80,6.5,0.59,0.0,0.280701754385965,1452052,OFFENSIVE
262,7c1dd069-ced,"2026-03-26 01:17:01.855392",0a457ce4-9c7,401810909,KXNBAGAME-26MAR25OKCBOS-OKC,"Oklahoma City Thunder",PULSE,SELL_PARTIAL,,46,16,736,80,"Pulse TP1: +12% (sell 60%)",3,0,84,80,6.5,0.59,-0.05,0.192982456140351,1482121,OFFENSIVE
263,72533378-254,"2026-03-26 01:23:56.490317",0a457ce4-9c7,401810909,KXNBAGAME-26MAR25OKCBOS-OKC,"Oklahoma City Thunder",PULSE,SELL_ALL,,33,11,363,-88,"Pulse stop: -20% after 8min",4,720,88,83,7.5,0.62,0.05,0.421052631578947,1440310,OFFENSIVE
264,3bb01a7b-e83,"2026-03-26 01:30:52.408061",bb382862-ca7,401810912,KXNBAGAME-26MAR25WASUTA-UTA,"Utah Jazz",PULSE,SELL_ALL,,45,24,1080,-192,"Pulse stop: -15% after 16min",1,271,13,20,11.5,0.47,0.02,0.25,1343855,OFFENSIVE
265,a4717cb1-616,"2026-03-26 01:32:59.983464",8e900868-cae,401810912,KXNBAGAME-26MAR25WASUTA-UTA,"Utah Jazz",TIERED_CLASSIC,BUY,1,40,33,1320,,"Tiered Classic Entry 1: spread=4.5, deficit=13.5, price_drop=33%, price=40¢, Q1 2:55",1,175,15,24,13.5,0.43,0.03,0.333333333333333,1373920,OFFENSIVE
266,10ef74f7-323,"2026-03-26 01:32:59.996215",6de2f68a-e57,401810912,KXNBAGAME-26MAR25WASUTA-UTA,"Utah Jazz",TIERED_CLASSIC_HOLD,BUY,1,40,11,440,,"Tiered Classic Entry 1: spread=4.5, deficit=13.5, price_drop=33%, price=40¢, Q1 2:55",1,175,15,24,13.5,0.43,0.03,0.333333333333333,1373920,OFFENSIVE
267,272b5cf8-e80,"2026-03-26 01:35:45.435206",feb2e89f-35d,401810912,KXNBAGAME-26MAR25WASUTA-UTA,"Utah Jazz",TIERED,BUY,1,33,22,726,,"Tiered Entry 1 (mid-spread recovery): spread=4.5, deficit=16.5, price_drop=45%, price=33¢, Q1 1:53",1,113,17,29,16.5,0.36,0.03,0.45,1373920,OFFENSIVE
268,589d7654-a48,"2026-03-26 01:35:45.450445",1b2aa443-bbf,401810912,KXNBAGAME-26MAR25WASUTA-UTA,"Utah Jazz",TIERED_HOLD,BUY,1,33,6,198,,"Tiered Entry 1 (mid-spread recovery): spread=4.5, deficit=16.5, price_drop=45%, price=33¢, Q1 1:53",1,113,17,29,16.5,0.36,0.03,0.45,1373920,OFFENSIVE
269,d1b51ff2-5da,"2026-03-26 01:40:03.828063",8e900868-cae,401810912,KXNBAGAME-26MAR25WASUTA-UTA,"Utah Jazz",TIERED_CLASSIC,BUY,2,30,39,1170,,"Tiered Classic Entry 2: price dropped 25% since Entry 1, deficit=17.5, price=30¢, Q1 0:00",1,0,20,33,17.5,0.33,0.03,0.5,1373920,OFFENSIVE
270,c529a00a-76c,"2026-03-26 01:44:24.901718",7614307f-94c,401810913,KXNBAGAME-26MAR25HOUMIN-HOU,"Houston Rockets",PULSE,BUY,1,50,25,1250,,"Pulse entry: spread=1.5, deficit=6.5, price_drop=12%, price=50¢, Q1 11:03",1,663,5,0,6.5,0.4807,0.0193,0.12280701754386,2367198,OFFENSIVE
271,95e42d26-e74,"2026-03-26 01:44:56.131157",feb2e89f-35d,401810912,KXNBAGAME-26MAR25WASUTA-UTA,"Utah Jazz",TIERED,BUY,2,24,27,648,,"Tiered Entry 2: price dropped 27% since Entry 1, deficit=19.5, price=24¢, Q2 11:18",2,678,20,35,19.5,0.29,0.05,0.6,1390145,OFFENSIVE
272,be7e5729-d51,"2026-03-26 01:46:29.871688",feb2e89f-35d,401810912,KXNBAGAME-26MAR25WASUTA-UTA,"Utah Jazz",TIERED,SELL_PARTIAL,,34,24,816,144,"Quick scalp: 34¢ is +21% from avg 28¢ (sell 50%)",2,622,24,37,17.5,0.26,-0.08,0.433333333333333,1390145,OFFENSIVE
273,dbd81205-7a3,"2026-03-26 01:51:27.558688",7243b5aa-c0b,401810906,KXNBAGAME-26MAR25ATLDET-DET,"Detroit Pistons",TIERED_HOLD,SETTLED_LOSS,,0,0,0,-597,"Game settled - team lost",0,0,0,0,0.0,,,,0,OFFENSIVE
274,f126db03-045,"2026-03-26 01:51:27.573303",dd43be21-0de,401810906,KXNBAGAME-26MAR25ATLDET-DET,"Detroit Pistons",TIERED_CLASSIC_HOLD,SETTLED_LOSS,,0,0,0,-680,"Game settled - team lost",0,0,0,0,0.0,,,,0,OFFENSIVE
275,6ca012f7-113,"2026-03-26 01:51:27.577910",6de2f68a-e57,401810912,KXNBAGAME-26MAR25WASUTA-UTA,"Utah Jazz",TIERED_CLASSIC_HOLD,BUY,2,27,15,405,,"Tiered Classic Entry 2: price dropped 32% since Entry 1, deficit=18.5, price=27¢, Q2 8:45",2,525,28,42,18.5,0.3,0.03,0.55,1390148,OFFENSIVE
276,da9c19be-b83,"2026-03-26 01:53:01.044549",1b2aa443-bbf,401810912,KXNBAGAME-26MAR25WASUTA-UTA,"Utah Jazz",TIERED_HOLD,BUY,2,22,9,198,,"Tiered Entry 2: price dropped 33% since Entry 1, deficit=19.5, price=22¢, Q2 8:02",2,482,30,45,19.5,0.29,0.07,0.633333333333333,1390148,OFFENSIVE
277,1bcb4352-12f,"2026-03-26 01:54:58.236143",7614307f-94c,401810913,KXNBAGAME-26MAR25HOUMIN-HOU,"Houston Rockets",PULSE,SELL_ALL,,43,25,1075,-175,"Pulse stop: -14% after 11min",1,456,14,6,9.5,0.57,0.0,0.245614035087719,2367436,OFFENSIVE
278,0646215d-1ac,"2026-03-26 01:56:35.062364",3e7ef657-895,401810910,KXNBAGAME-26MAR25MIACLE-CLE,"Cleveland Cavaliers",CONSERVATIVE_HOLD,SETTLED_LOSS,,0,0,0,-700,"Game settled - team lost",0,0,0,0,0.0,,,,0,OFFENSIVE
279,b1b7e55f-887,"2026-03-26 01:56:35.068958",49aec5f0-293,401810910,KXNBAGAME-26MAR25MIACLE-CLE,"Cleveland Cavaliers",TIERED_HOLD,SETTLED_LOSS,,0,0,0,-573,"Game settled - team lost",0,0,0,0,0.0,,,,0,OFFENSIVE
280,868ef3ca-19b,"2026-03-26 01:56:35.073094",9b94cd56-a6b,401810910,KXNBAGAME-26MAR25MIACLE-CLE,"Cleveland Cavaliers",TIERED_CLASSIC_HOLD,SETTLED_LOSS,,0,0,0,-1132,"Game settled - team lost",0,0,0,0,0.0,,,,0,OFFENSIVE
281,2ba1f0e4-fda,"2026-03-26 01:58:56.096437",8e900868-cae,401810912,KXNBAGAME-26MAR25WASUTA-UTA,"Utah Jazz",TIERED_CLASSIC,SELL_ALL,,15,72,1080,-1410,"Classic universal tail stop: 15¢ <= 16¢ (-57% from avg 35¢)",2,356,32,51,23.5,0.18,0.03,0.75,1390148,OFFENSIVE
282,fc0fbe7a-779,"2026-03-26 02:00:18.658175",feb2e89f-35d,401810912,KXNBAGAME-26MAR25WASUTA-UTA,"Utah Jazz",TIERED,SELL_ALL,,11,25,275,-426,"Universal tail stop: 11¢ <= 13¢ (-61% from avg 28¢)",2,343,32,54,26.5,0.14,0.03,0.816666666666667,1360148,OFFENSIVE
283,d880b5fe-8af,"2026-03-26 02:53:43.142166",45bbf0df-910,401810915,KXNBAGAME-26MAR25BKNGSW-GSW,"Golden State Warriors",PULSE,BUY,1,52,23,1196,,"Pulse entry: spread=11.5, deficit=20.5, price_drop=40%, price=52¢, Q2 7:05",2,425,30,39,20.5,0.65,0.13,0.402298850574713,1272695,OFFENSIVE
284,d958ea07-3fe,"2026-03-26 02:57:59.459969",45bbf0df-910,401810915,KXNBAGAME-26MAR25BKNGSW-GSW,"Golden State Warriors",PULSE,SELL_PARTIAL,,59,13,767,91,"Pulse TP1: +13% (sell 60%)",2,384,30,42,23.5,0.57,-0.02,0.32183908045977,1316977,OFFENSIVE
285,4130f8a7-1bd,"2026-03-26 03:02:42.553736",45bbf0df-910,401810915,KXNBAGAME-26MAR25BKNGSW-GSW,"Golden State Warriors",PULSE,SELL_ALL,,65,10,650,130,"Pulse TP2: +25% (sell remaining)",2,272,38,47,20.5,0.65,0.0,0.252873563218391,1346977,OFFENSIVE
286,5f77ba4a-129,"2026-03-26 03:21:41.299344",1b2aa443-bbf,401810912,KXNBAGAME-26MAR25WASUTA-UTA,"Utah Jazz",TIERED_HOLD,SETTLED_LOSS,,0,0,0,-396,"Game settled - team lost",0,0,0,0,0.0,,,,0,OFFENSIVE
287,3d35d19d-485,"2026-03-26 03:21:41.312712",6de2f68a-e57,401810912,KXNBAGAME-26MAR25WASUTA-UTA,"Utah Jazz",TIERED_CLASSIC_HOLD,SETTLED_LOSS,,0,0,0,-845,"Game settled - team lost",0,0,0,0,0.0,,,,0,OFFENSIVE
